Entity,Code,Year,Annual area burnt per wildfire
Afghanistan,AFG,2012,237.04546
Afghanistan,AFG,2013,178.54546
Afghanistan,AFG,2014,205.36
Afghanistan,AFG,2015,194.4762
Afghanistan,AFG,2016,186.17308
Afghanistan,AFG,2017,226.47058
Afghanistan,AFG,2018,263.8158
Afghanistan,AFG,2019,366.61905
Afghanistan,AFG,2020,406.19177
Afghanistan,AFG,2021,268.90475
Afghanistan,AFG,2022,175.36363
Afghanistan,AFG,2023,137.75
Afghanistan,AFG,2024,101.27273
Afghanistan,AFG,2025,284.88235
Afghanistan,AFG,2026,242.16667
Africa,OWID_AFR,2012,422.45407
Africa,OWID_AFR,2013,416.89523
Africa,OWID_AFR,2014,414.00317
Africa,OWID_AFR,2015,421.26068
Africa,OWID_AFR,2016,422.21872
Africa,OWID_AFR,2017,421.13748
Africa,OWID_AFR,2018,386.18875
Africa,OWID_AFR,2019,412.31415
Africa,OWID_AFR,2020,409.31607
Africa,OWID_AFR,2021,405.3085
Africa,OWID_AFR,2022,403.19702
Africa,OWID_AFR,2023,407.08212
Africa,OWID_AFR,2024,404.8834
Africa,OWID_AFR,2025,468.89294
Africa,OWID_AFR,2026,577.45776
Akrotiri and Dhekelia,OWID_AKD,2012,6
Akrotiri and Dhekelia,OWID_AKD,2016,164
Akrotiri and Dhekelia,OWID_AKD,2018,105
Akrotiri and Dhekelia,OWID_AKD,2019,209
Akrotiri and Dhekelia,OWID_AKD,2022,53
Albania,ALB,2012,506.69913
Albania,ALB,2013,232.5
Albania,ALB,2014,189.47826
Albania,ALB,2015,297.12344
Albania,ALB,2016,299.70834
Albania,ALB,2017,387.90875
Albania,ALB,2018,270.78946
Albania,ALB,2019,291.9292
Albania,ALB,2020,324.70477
Albania,ALB,2021,517.62244
Albania,ALB,2022,315.90756
Albania,ALB,2023,357.58823
Albania,ALB,2024,490.48032
Albania,ALB,2025,650.98346
Albania,ALB,2026,231.4
Algeria,DZA,2012,450.79144
Algeria,DZA,2013,291.89877
Algeria,DZA,2014,333.94836
Algeria,DZA,2015,353.86856
Algeria,DZA,2016,303.6281
Algeria,DZA,2017,428.69507
Algeria,DZA,2018,211.65433
Algeria,DZA,2019,323.1831
Algeria,DZA,2020,355.7785
Algeria,DZA,2021,588.6039
Algeria,DZA,2022,364.0383
Algeria,DZA,2023,345.44867
Algeria,DZA,2024,193.67938
Algeria,DZA,2025,204.5533
Algeria,DZA,2026,195.80952
Angola,AGO,2012,432.64236
Angola,AGO,2013,432.61765
Angola,AGO,2014,421.33707
Angola,AGO,2015,434.47974
Angola,AGO,2016,427.7375
Angola,AGO,2017,436.0573
Angola,AGO,2018,401.10013
Angola,AGO,2019,451.2833
Angola,AGO,2020,420.05157
Angola,AGO,2021,413.93738
Angola,AGO,2022,414.21927
Angola,AGO,2023,437.94736
Angola,AGO,2024,433.7136
Angola,AGO,2025,459.6267
Angola,AGO,2026,385.7321
Antigua and Barbuda,ATG,2013,237
Antigua and Barbuda,ATG,2014,192
Antigua and Barbuda,ATG,2016,150
Antigua and Barbuda,ATG,2018,186.5
Antigua and Barbuda,ATG,2021,190
Antigua and Barbuda,ATG,2023,116
Antigua and Barbuda,ATG,2026,146
Argentina,ARG,2012,372.45987
Argentina,ARG,2013,410.0515
Argentina,ARG,2014,404.6429
Argentina,ARG,2015,372.3573
Argentina,ARG,2016,444.24762
Argentina,ARG,2017,432.97925
Argentina,ARG,2018,375.77658
Argentina,ARG,2019,367.79898
Argentina,ARG,2020,443.9954
Argentina,ARG,2021,377.1284
Argentina,ARG,2022,490.6607
Argentina,ARG,2023,414.98483
Argentina,ARG,2024,387.7314
Argentina,ARG,2025,406.50183
Argentina,ARG,2026,463.54095
Armenia,ARM,2012,271.2237
Armenia,ARM,2013,279.76135
Armenia,ARM,2014,237.46153
Armenia,ARM,2015,324.64102
Armenia,ARM,2016,265.88406
Armenia,ARM,2017,332.98795
Armenia,ARM,2018,217.94215
Armenia,ARM,2019,344.425
Armenia,ARM,2020,229.41176
Armenia,ARM,2021,278.5263
Armenia,ARM,2022,363.30157
Armenia,ARM,2023,216.34616
Armenia,ARM,2024,283.5
Armenia,ARM,2025,434.93405
Armenia,ARM,2026,224.5
Asia,OWID_ASI,2012,377.10446
Asia,OWID_ASI,2013,360.3369
Asia,OWID_ASI,2014,377.582
Asia,OWID_ASI,2015,392.739
Asia,OWID_ASI,2016,364.79675
Asia,OWID_ASI,2017,375.5645
Asia,OWID_ASI,2018,324.71567
Asia,OWID_ASI,2019,378.50906
Asia,OWID_ASI,2020,364.9735
Asia,OWID_ASI,2021,374.30984
Asia,OWID_ASI,2022,330.50772
Asia,OWID_ASI,2023,379.71686
Asia,OWID_ASI,2024,353.10007
Asia,OWID_ASI,2025,385.5554
Asia,OWID_ASI,2026,506.9844
Australia,AUS,2012,1228.1514
Australia,AUS,2013,850.929
Australia,AUS,2014,940.06586
Australia,AUS,2015,919.53613
Australia,AUS,2016,731.10254
Australia,AUS,2017,827.93365
Australia,AUS,2018,894.44977
Australia,AUS,2019,1113.7297
Australia,AUS,2020,701.4955
Australia,AUS,2021,691.3911
Australia,AUS,2022,746.9806
Australia,AUS,2023,1127.7172
Australia,AUS,2024,819.1863
Australia,AUS,2025,1107.2058
Australia,AUS,2026,896.5418
Austria,AUT,2012,162.66667
Austria,AUT,2013,152.66667
Austria,AUT,2014,193.2
Austria,AUT,2015,278.5
Austria,AUT,2017,218.75
Austria,AUT,2018,143.33333
Austria,AUT,2019,211
Austria,AUT,2021,174
Austria,AUT,2022,288.4
Austria,AUT,2023,185
Austria,AUT,2024,196.625
Austria,AUT,2025,233.42857
Austria,AUT,2026,346.33334
Azerbaijan,AZE,2012,319.43265
Azerbaijan,AZE,2013,308.30234
Azerbaijan,AZE,2014,336.13245
Azerbaijan,AZE,2015,441.934
Azerbaijan,AZE,2016,327.45706
Azerbaijan,AZE,2017,365.53134
Azerbaijan,AZE,2018,266.48026
Azerbaijan,AZE,2019,409.21902
Azerbaijan,AZE,2020,292.87018
Azerbaijan,AZE,2021,380.15494
Azerbaijan,AZE,2022,330.74158
Azerbaijan,AZE,2023,240.48334
Azerbaijan,AZE,2024,295.52942
Azerbaijan,AZE,2025,382.864
Azerbaijan,AZE,2026,259.9697
Bahamas,BHS,2012,484.75
Bahamas,BHS,2013,728.3457
Bahamas,BHS,2014,423.58536
Bahamas,BHS,2015,696.25714
Bahamas,BHS,2016,557.3788
Bahamas,BHS,2017,766.56384
Bahamas,BHS,2018,347.5
Bahamas,BHS,2019,602.4091
Bahamas,BHS,2020,633.5439
Bahamas,BHS,2021,462.72726
Bahamas,BHS,2022,486.20834
Bahamas,BHS,2023,438.475
Bahamas,BHS,2024,719.29266
Bahamas,BHS,2025,519.17474
Bahamas,BHS,2026,340.63333
Bangladesh,BGD,2012,539.2176
Bangladesh,BGD,2013,497.66565
Bangladesh,BGD,2014,508.3697
Bangladesh,BGD,2015,363.774
Bangladesh,BGD,2016,412.1206
Bangladesh,BGD,2017,357.31543
Bangladesh,BGD,2018,434.42966
Bangladesh,BGD,2019,502.1854
Bangladesh,BGD,2020,484.055
Bangladesh,BGD,2021,467.0288
Bangladesh,BGD,2022,355.90686
Bangladesh,BGD,2023,581.7872
Bangladesh,BGD,2024,441.4293
Bangladesh,BGD,2025,426.20807
Bangladesh,BGD,2026,283.9
Barbados,BRB,2014,263
Barbados,BRB,2016,183
Barbados,BRB,2018,187
Belarus,BLR,2012,238.25
Belarus,BLR,2013,175.75229
Belarus,BLR,2014,225.70169
Belarus,BLR,2015,287.9538
Belarus,BLR,2016,197.16843
Belarus,BLR,2017,187.6519
Belarus,BLR,2018,158.23463
Belarus,BLR,2019,264.72507
Belarus,BLR,2020,276.99268
Belarus,BLR,2021,228.6701
Belarus,BLR,2022,198.74603
Belarus,BLR,2023,179.84848
Belarus,BLR,2024,182.40541
Belarus,BLR,2025,232.7931
Belarus,BLR,2026,453.24243
Belgium,BEL,2013,153
Belgium,BEL,2014,188.5
Belgium,BEL,2015,180
Belgium,BEL,2016,236.5
Belgium,BEL,2018,141
Belgium,BEL,2019,183.5
Belgium,BEL,2020,127
Belgium,BEL,2021,351
Belgium,BEL,2022,141.75
Belgium,BEL,2023,279.5
Belgium,BEL,2025,282.25
Belgium,BEL,2026,331
Belize,BLZ,2012,293.50806
Belize,BLZ,2013,327.5707
Belize,BLZ,2014,340.44217
Belize,BLZ,2015,329.11642
Belize,BLZ,2016,326.00616
Belize,BLZ,2017,352.44818
Belize,BLZ,2018,298.51294
Belize,BLZ,2019,304.15964
Belize,BLZ,2020,310.03284
Belize,BLZ,2021,277.61386
Belize,BLZ,2022,292.2651
Belize,BLZ,2023,280.54642
Belize,BLZ,2024,358.29318
Belize,BLZ,2025,284
Belize,BLZ,2026,225.52438
Benin,BEN,2012,361.51782
Benin,BEN,2013,347.9587
Benin,BEN,2014,354.9258
Benin,BEN,2015,340.033
Benin,BEN,2016,371.33548
Benin,BEN,2017,384.05435
Benin,BEN,2018,333.28998
Benin,BEN,2019,389.71353
Benin,BEN,2020,353.59665
Benin,BEN,2021,439.0177
Benin,BEN,2022,435.29465
Benin,BEN,2023,419.82526
Benin,BEN,2024,456.8218
Benin,BEN,2025,517.1458
Benin,BEN,2026,557.4148
Bhutan,BTN,2012,540.8108
Bhutan,BTN,2013,355.97675
Bhutan,BTN,2014,426.84506
Bhutan,BTN,2015,634.71796
Bhutan,BTN,2016,570.74194
Bhutan,BTN,2017,396.80435
Bhutan,BTN,2018,360.21054
Bhutan,BTN,2019,547.0625
Bhutan,BTN,2020,335.79166
Bhutan,BTN,2021,505.07895
Bhutan,BTN,2022,295
Bhutan,BTN,2023,504.82352
Bhutan,BTN,2024,455.81482
Bhutan,BTN,2025,421.64517
Bhutan,BTN,2026,715.7
Bolivia,BOL,2012,526.25024
Bolivia,BOL,2013,433.66534
Bolivia,BOL,2014,387.74417
Bolivia,BOL,2015,485.22403
Bolivia,BOL,2016,525.64044
Bolivia,BOL,2017,490.36707
Bolivia,BOL,2018,406.98825
Bolivia,BOL,2019,722.1182
Bolivia,BOL,2020,575.61285
Bolivia,BOL,2021,616.7801
Bolivia,BOL,2022,548.0782
Bolivia,BOL,2023,578.48785
Bolivia,BOL,2024,1154.7661
Bolivia,BOL,2025,503.30316
Bolivia,BOL,2026,366.3819
Bonaire Sint Eustatius and Saba,BES,2024,161
Bosnia and Herzegovina,BIH,2012,448.77826
Bosnia and Herzegovina,BIH,2013,311.10257
Bosnia and Herzegovina,BIH,2014,195.3158
Bosnia and Herzegovina,BIH,2015,365.38196
Bosnia and Herzegovina,BIH,2016,305.40668
Bosnia and Herzegovina,BIH,2017,497.34946
Bosnia and Herzegovina,BIH,2018,180.4
Bosnia and Herzegovina,BIH,2019,278.68024
Bosnia and Herzegovina,BIH,2020,405.63605
Bosnia and Herzegovina,BIH,2021,454.6783
Bosnia and Herzegovina,BIH,2022,359.30176
Bosnia and Herzegovina,BIH,2023,196.2
Bosnia and Herzegovina,BIH,2024,318.25244
Bosnia and Herzegovina,BIH,2025,416.4125
Bosnia and Herzegovina,BIH,2026,284.14285
Botswana,BWA,2012,1024.3931
Botswana,BWA,2013,915.60657
Botswana,BWA,2014,830.54736
Botswana,BWA,2015,823.2717
Botswana,BWA,2016,826.601
Botswana,BWA,2017,1177.8267
Botswana,BWA,2018,950.51294
Botswana,BWA,2019,850.60077
Botswana,BWA,2020,980.41986
Botswana,BWA,2021,1215.7435
Botswana,BWA,2022,1207.8219
Botswana,BWA,2023,1018.76794
Botswana,BWA,2024,761.5166
Botswana,BWA,2025,991.76373
Botswana,BWA,2026,591.619
Brazil,BRA,2012,529.7329
Brazil,BRA,2013,379.3777
Brazil,BRA,2014,433.22992
Brazil,BRA,2015,468.61972
Brazil,BRA,2016,450.1492
Brazil,BRA,2017,521.2311
Brazil,BRA,2018,354.8321
Brazil,BRA,2019,520.8062
Brazil,BRA,2020,543.5757
Brazil,BRA,2021,489.34958
Brazil,BRA,2022,450.09586
Brazil,BRA,2023,422.37906
Brazil,BRA,2024,648.6829
Brazil,BRA,2025,536.04083
Brazil,BRA,2026,372.94916
British Virgin Islands,VGB,2017,139
British Virgin Islands,VGB,2018,149.5
British Virgin Islands,VGB,2020,166
Brunei,BRN,2012,168.83333
Brunei,BRN,2013,395
Brunei,BRN,2014,398
Brunei,BRN,2015,315.54544
Brunei,BRN,2016,334.4375
Brunei,BRN,2018,386
Brunei,BRN,2019,268
Brunei,BRN,2020,278.14285
Brunei,BRN,2021,199.28572
Brunei,BRN,2022,186.2
Brunei,BRN,2023,227
Brunei,BRN,2024,269.6
Brunei,BRN,2026,290
Bulgaria,BGR,2012,287.4411
Bulgaria,BGR,2013,258.13556
Bulgaria,BGR,2014,232.47348
Bulgaria,BGR,2015,246.0981
Bulgaria,BGR,2016,257.26215
Bulgaria,BGR,2017,251.79749
Bulgaria,BGR,2018,186.979
Bulgaria,BGR,2019,274.41992
Bulgaria,BGR,2020,230.33533
Bulgaria,BGR,2021,246.78676
Bulgaria,BGR,2022,227.2
Bulgaria,BGR,2023,247.74603
Bulgaria,BGR,2024,338.89474
Bulgaria,BGR,2025,379.68042
Bulgaria,BGR,2026,290.14285
Burkina Faso,BFA,2012,369.6587
Burkina Faso,BFA,2013,369.92123
Burkina Faso,BFA,2014,363.47556
Burkina Faso,BFA,2015,370.1839
Burkina Faso,BFA,2016,374.47455
Burkina Faso,BFA,2017,376.58755
Burkina Faso,BFA,2018,312.7881
Burkina Faso,BFA,2019,365.7597
Burkina Faso,BFA,2020,362.22537
Burkina Faso,BFA,2021,381.607
Burkina Faso,BFA,2022,381.45142
Burkina Faso,BFA,2023,443.10284
Burkina Faso,BFA,2024,491.1302
Burkina Faso,BFA,2025,673.48926
Burkina Faso,BFA,2026,516.16614
Burundi,BDI,2012,318.98325
Burundi,BDI,2013,330.1718
Burundi,BDI,2014,315.9
Burundi,BDI,2015,325.93567
Burundi,BDI,2016,303.30865
Burundi,BDI,2017,302.6478
Burundi,BDI,2018,323.55444
Burundi,BDI,2019,332.48407
Burundi,BDI,2020,338.6875
Burundi,BDI,2021,313.0645
Burundi,BDI,2022,335.86615
Burundi,BDI,2023,336.29245
Burundi,BDI,2024,325.1726
Burundi,BDI,2025,295.73026
Burundi,BDI,2026,399
Cambodia,KHM,2012,367.3462
Cambodia,KHM,2013,399.78577
Cambodia,KHM,2014,373.4002
Cambodia,KHM,2015,377.9735
Cambodia,KHM,2016,390.62347
Cambodia,KHM,2017,387.212
Cambodia,KHM,2018,346.30627
Cambodia,KHM,2019,352.09427
Cambodia,KHM,2020,352.28915
Cambodia,KHM,2021,375.2468
Cambodia,KHM,2022,352.63596
Cambodia,KHM,2023,336.46558
Cambodia,KHM,2024,361.79898
Cambodia,KHM,2025,351.6306
Cambodia,KHM,2026,555.4495
Cameroon,CMR,2012,339.1566
Cameroon,CMR,2013,343.12976
Cameroon,CMR,2014,333.6997
Cameroon,CMR,2015,325.70642
Cameroon,CMR,2016,341.37643
Cameroon,CMR,2017,343.3259
Cameroon,CMR,2018,310.855
Cameroon,CMR,2019,330.1261
Cameroon,CMR,2020,322.679
Cameroon,CMR,2021,336.43085
Cameroon,CMR,2022,316.73132
Cameroon,CMR,2023,356.884
Cameroon,CMR,2024,325.0048
Cameroon,CMR,2025,395.0175
Cameroon,CMR,2026,460.84814
Canada,CAN,2012,613.4452
Canada,CAN,2013,741.88074
Canada,CAN,2014,773.04767
Canada,CAN,2015,750.2883
Canada,CAN,2016,471.0701
Canada,CAN,2017,747.9774
Canada,CAN,2018,727.631
Canada,CAN,2019,765.4776
Canada,CAN,2020,261.63916
Canada,CAN,2021,872.1817
Canada,CAN,2022,625.078
Canada,CAN,2023,1119.5636
Canada,CAN,2024,1030.7115
Canada,CAN,2025,901.485
Canada,CAN,2026,243.375
Cape Verde,CPV,2012,192
Cape Verde,CPV,2014,1688.5714
Cape Verde,CPV,2015,516
Cape Verde,CPV,2018,236
Cape Verde,CPV,2022,169
Cape Verde,CPV,2023,724.5
Cape Verde,CPV,2025,407.5
Cape Verde,CPV,2026,297
Cayman Islands,CYM,2023,191
Central African Republic,CAF,2012,427.06873
Central African Republic,CAF,2013,444.34738
Central African Republic,CAF,2014,449.61557
Central African Republic,CAF,2015,451.71216
Central African Republic,CAF,2016,471.73788
Central African Republic,CAF,2017,451.89835
Central African Republic,CAF,2018,451.91684
Central African Republic,CAF,2019,435.78812
Central African Republic,CAF,2020,443.38705
Central African Republic,CAF,2021,438.88165
Central African Republic,CAF,2022,439.772
Central African Republic,CAF,2023,445.40738
Central African Republic,CAF,2024,424.59875
Central African Republic,CAF,2025,531.28625
Central African Republic,CAF,2026,685.83936
Chad,TCD,2012,452.18628
Chad,TCD,2013,427.1847
Chad,TCD,2014,411.27826
Chad,TCD,2015,422.04987
Chad,TCD,2016,442.42572
Chad,TCD,2017,432.67358
Chad,TCD,2018,380.30505
Chad,TCD,2019,430.7826
Chad,TCD,2020,417.05518
Chad,TCD,2021,414.25266
Chad,TCD,2022,406.31088
Chad,TCD,2023,419.81815
Chad,TCD,2024,393.4447
Chad,TCD,2025,527.60205
Chad,TCD,2026,544.11224
Chile,CHL,2012,294.0661
Chile,CHL,2013,269.02036
Chile,CHL,2014,341.27472
Chile,CHL,2015,368.3156
Chile,CHL,2016,318.87933
Chile,CHL,2017,755.73047
Chile,CHL,2018,260.5598
Chile,CHL,2019,346.97964
Chile,CHL,2020,344.41953
Chile,CHL,2021,308.2816
Chile,CHL,2022,387.18112
Chile,CHL,2023,793.30896
Chile,CHL,2024,334.97876
Chile,CHL,2025,355.7567
Chile,CHL,2026,701.1402
China,CHN,2012,276.07306
China,CHN,2013,270.30978
China,CHN,2014,288.55548
China,CHN,2015,299.26096
China,CHN,2016,262.97357
China,CHN,2017,284.40543
China,CHN,2018,214.86917
China,CHN,2019,277.58386
China,CHN,2020,326.37753
China,CHN,2021,302.47784
China,CHN,2022,280.9809
China,CHN,2023,312.9414
China,CHN,2024,302.58762
China,CHN,2025,445.7861
China,CHN,2026,527.07684
Colombia,COL,2012,323.6215
Colombia,COL,2013,355.45096
Colombia,COL,2014,388.20563
Colombia,COL,2015,332.5505
Colombia,COL,2016,395.86328
Colombia,COL,2017,351.2537
Colombia,COL,2018,322.39417
Colombia,COL,2019,381.28674
Colombia,COL,2020,377.83243
Colombia,COL,2021,321.10327
Colombia,COL,2022,400.19968
Colombia,COL,2023,294.93164
Colombia,COL,2024,353.78293
Colombia,COL,2025,297.96594
Colombia,COL,2026,379.6538
Comoros,COM,2012,307.8
Comoros,COM,2013,275.08334
Comoros,COM,2014,271
Comoros,COM,2015,252.64
Comoros,COM,2016,320.6
Comoros,COM,2017,240.18182
Comoros,COM,2018,220.0625
Comoros,COM,2019,320.88235
Comoros,COM,2020,257.5
Comoros,COM,2021,310.77777
Comoros,COM,2022,206
Comoros,COM,2023,219.5
Comoros,COM,2024,385.05
Comoros,COM,2025,270
Congo,COG,2012,326.54102
Congo,COG,2013,320.0964
Congo,COG,2014,314.2605
Congo,COG,2015,314.24304
Congo,COG,2016,327.89273
Congo,COG,2017,315.37912
Congo,COG,2018,303.6994
Congo,COG,2019,308.57953
Congo,COG,2020,310.6164
Congo,COG,2021,295.12015
Congo,COG,2022,303.8286
Congo,COG,2023,306.27505
Congo,COG,2024,320.6928
Congo,COG,2025,328.89758
Congo,COG,2026,346.48276
Costa Rica,CRI,2012,358.4346
Costa Rica,CRI,2013,370.9594
Costa Rica,CRI,2014,347.49695
Costa Rica,CRI,2015,391.36035
Costa Rica,CRI,2016,408.51398
Costa Rica,CRI,2017,365.92856
Costa Rica,CRI,2018,409.07574
Costa Rica,CRI,2019,401.605
Costa Rica,CRI,2020,355.89172
Costa Rica,CRI,2021,374.1887
Costa Rica,CRI,2022,452.22775
Costa Rica,CRI,2023,241.70526
Costa Rica,CRI,2024,394.24722
Costa Rica,CRI,2025,214.61482
Costa Rica,CRI,2026,385.48083
Cote d'Ivoire,CIV,2012,355.72186
Cote d'Ivoire,CIV,2013,366.79553
Cote d'Ivoire,CIV,2014,349.07947
Cote d'Ivoire,CIV,2015,355.29776
Cote d'Ivoire,CIV,2016,381.50327
Cote d'Ivoire,CIV,2017,363.4197
Cote d'Ivoire,CIV,2018,381.96106
Cote d'Ivoire,CIV,2019,352.62326
Cote d'Ivoire,CIV,2020,357.11792
Cote d'Ivoire,CIV,2021,357.94818
Cote d'Ivoire,CIV,2022,360.6976
Cote d'Ivoire,CIV,2023,355.47833
Cote d'Ivoire,CIV,2024,387.23776
Cote d'Ivoire,CIV,2025,459.20093
Cote d'Ivoire,CIV,2026,470.31046
Croatia,HRV,2012,343.625
Croatia,HRV,2013,244.3
Croatia,HRV,2014,191.1923
Croatia,HRV,2015,339.31482
Croatia,HRV,2016,317.3654
Croatia,HRV,2017,534.2805
Croatia,HRV,2018,134.95744
Croatia,HRV,2019,239.22826
Croatia,HRV,2020,499.56818
Croatia,HRV,2021,245.29268
Croatia,HRV,2022,341.22314
Croatia,HRV,2023,291
Croatia,HRV,2024,588.55
Croatia,HRV,2025,223.5
Croatia,HRV,2026,213.57143
Cuba,CUB,2012,287.27866
Cuba,CUB,2013,290.286
Cuba,CUB,2014,277.2
Cuba,CUB,2015,300.6663
Cuba,CUB,2016,269.2035
Cuba,CUB,2017,307.07565
Cuba,CUB,2018,269.39166
Cuba,CUB,2019,271.35217
Cuba,CUB,2020,315.37396
Cuba,CUB,2021,312.86057
Cuba,CUB,2022,280.2551
Cuba,CUB,2023,302.2799
Cuba,CUB,2024,327.89032
Cuba,CUB,2025,241.6466
Cuba,CUB,2026,243.21228
Curacao,CUW,2012,154.66667
Curacao,CUW,2013,112
Curacao,CUW,2015,171
Cyprus,CYP,2012,241.3077
Cyprus,CYP,2013,356.1111
Cyprus,CYP,2014,271
Cyprus,CYP,2015,302
Cyprus,CYP,2016,789.75
Cyprus,CYP,2017,195
Cyprus,CYP,2018,227.875
Cyprus,CYP,2019,235.75
Cyprus,CYP,2020,776.3333
Cyprus,CYP,2021,350.22223
Cyprus,CYP,2022,277.66666
Cyprus,CYP,2023,231.5
Cyprus,CYP,2024,323
Cyprus,CYP,2025,244.5
Czechia,CZE,2012,210
Czechia,CZE,2013,177
Czechia,CZE,2014,168.33333
Czechia,CZE,2015,150.33333
Czechia,CZE,2016,120
Czechia,CZE,2017,205.33333
Czechia,CZE,2018,142.75
Czechia,CZE,2019,177
Czechia,CZE,2020,142.5
Czechia,CZE,2021,117.25
Czechia,CZE,2022,100
Czechia,CZE,2023,141.5
Czechia,CZE,2024,112
Czechia,CZE,2025,137
Democratic Republic of Congo,COD,2012,387.01538
Democratic Republic of Congo,COD,2013,398.67838
Democratic Republic of Congo,COD,2014,388.4973
Democratic Republic of Congo,COD,2015,402.6484
Democratic Republic of Congo,COD,2016,398.5149
Democratic Republic of Congo,COD,2017,399.19788
Democratic Republic of Congo,COD,2018,389.31238
Democratic Republic of Congo,COD,2019,393.1387
Democratic Republic of Congo,COD,2020,399.40128
Democratic Republic of Congo,COD,2021,365.57385
Democratic Republic of Congo,COD,2022,372.64178
Democratic Republic of Congo,COD,2023,382.08316
Democratic Republic of Congo,COD,2024,386.48386
Democratic Republic of Congo,COD,2025,399.28986
Democratic Republic of Congo,COD,2026,538.79504
Denmark,DNK,2012,136.75
Denmark,DNK,2013,96.333336
Denmark,DNK,2014,130.75
Denmark,DNK,2015,123.57143
Denmark,DNK,2016,79
Denmark,DNK,2017,168.5
Denmark,DNK,2018,177
Denmark,DNK,2021,161.25
Denmark,DNK,2022,141.45454
Denmark,DNK,2023,190.2
Denmark,DNK,2025,159.92308
Denmark,DNK,2026,176
Djibouti,DJI,2016,240
Djibouti,DJI,2017,202
Djibouti,DJI,2018,185.5
Djibouti,DJI,2019,340
Djibouti,DJI,2020,460
Djibouti,DJI,2021,136
Djibouti,DJI,2025,254
Djibouti,DJI,2026,207
Dominica,DMA,2017,178
Dominica,DMA,2019,247
Dominica,DMA,2020,131
Dominica,DMA,2021,207
Dominica,DMA,2023,198
Dominica,DMA,2025,179
Dominican Republic,DOM,2012,261.0766
Dominican Republic,DOM,2013,301.25
Dominican Republic,DOM,2014,283.10318
Dominican Republic,DOM,2015,316.09265
Dominican Republic,DOM,2016,231.08461
Dominican Republic,DOM,2017,240.85263
Dominican Republic,DOM,2018,215.48296
Dominican Republic,DOM,2019,258.51675
Dominican Republic,DOM,2020,248.11594
Dominican Republic,DOM,2021,262.63208
Dominican Republic,DOM,2022,345.87662
Dominican Republic,DOM,2023,244.24632
Dominican Republic,DOM,2024,269.302
Dominican Republic,DOM,2025,194.31464
Dominican Republic,DOM,2026,176.21375
East Timor,TLS,2012,296.53845
East Timor,TLS,2013,260.49277
East Timor,TLS,2014,316.67154
East Timor,TLS,2015,265.51962
East Timor,TLS,2016,260.14816
East Timor,TLS,2017,324.11667
East Timor,TLS,2018,211.90541
East Timor,TLS,2019,318.98523
East Timor,TLS,2020,300.49286
East Timor,TLS,2021,245.16327
East Timor,TLS,2022,271.45456
East Timor,TLS,2023,282.81482
East Timor,TLS,2024,315.4918
East Timor,TLS,2025,268.45834
Ecuador,ECU,2012,333.9214
Ecuador,ECU,2013,286.59506
Ecuador,ECU,2014,279.26776
Ecuador,ECU,2015,384.26968
Ecuador,ECU,2016,298.2943
Ecuador,ECU,2017,299.66293
Ecuador,ECU,2018,250.75653
Ecuador,ECU,2019,450.16425
Ecuador,ECU,2020,305.37442
Ecuador,ECU,2021,279.0018
Ecuador,ECU,2022,355.69473
Ecuador,ECU,2023,319.0463
Ecuador,ECU,2024,378.8521
Ecuador,ECU,2025,380.72485
Ecuador,ECU,2026,329.2449
Egypt,EGY,2012,216.07018
Egypt,EGY,2013,233.5
Egypt,EGY,2014,195.1236
Egypt,EGY,2015,243.88333
Egypt,EGY,2016,222.14018
Egypt,EGY,2017,188.27618
Egypt,EGY,2018,209.77777
Egypt,EGY,2019,202.6
Egypt,EGY,2020,218.9697
Egypt,EGY,2021,175.22449
Egypt,EGY,2022,251.34409
Egypt,EGY,2023,225.11578
Egypt,EGY,2024,231.73134
Egypt,EGY,2025,264.85715
Egypt,EGY,2026,263.85715
El Salvador,SLV,2012,281.687
El Salvador,SLV,2013,329.07553
El Salvador,SLV,2014,280.3604
El Salvador,SLV,2015,325.2199
El Salvador,SLV,2016,269.11765
El Salvador,SLV,2017,358.44693
El Salvador,SLV,2018,284.18616
El Salvador,SLV,2019,375.55603
El Salvador,SLV,2020,278.20816
El Salvador,SLV,2021,244.09091
El Salvador,SLV,2022,269.34433
El Salvador,SLV,2023,210.15686
El Salvador,SLV,2024,276.90244
El Salvador,SLV,2025,205.5
El Salvador,SLV,2026,271.1289
Equatorial Guinea,GNQ,2012,232.16667
Equatorial Guinea,GNQ,2013,279.7857
Equatorial Guinea,GNQ,2014,229.66667
Equatorial Guinea,GNQ,2015,305.51724
Equatorial Guinea,GNQ,2016,201.53847
Equatorial Guinea,GNQ,2017,205.71428
Equatorial Guinea,GNQ,2018,198.625
Equatorial Guinea,GNQ,2019,239.07143
Equatorial Guinea,GNQ,2020,231.35294
Equatorial Guinea,GNQ,2021,227.2
Equatorial Guinea,GNQ,2022,217.73334
Equatorial Guinea,GNQ,2023,220.94444
Equatorial Guinea,GNQ,2024,360.25
Equatorial Guinea,GNQ,2025,274.9
Equatorial Guinea,GNQ,2026,223.77777
Eritrea,ERI,2012,281.2258
Eritrea,ERI,2013,380.03845
Eritrea,ERI,2014,415.5909
Eritrea,ERI,2015,329.34784
Eritrea,ERI,2016,249.4
Eritrea,ERI,2017,297.22223
Eritrea,ERI,2018,305.70587
Eritrea,ERI,2019,585.4054
Eritrea,ERI,2020,568.4486
Eritrea,ERI,2021,342.48276
Eritrea,ERI,2022,369.25424
Eritrea,ERI,2023,417.43182
Eritrea,ERI,2024,332.18182
Eritrea,ERI,2025,470.73865
Eritrea,ERI,2026,544.381
Estonia,EST,2013,148
Estonia,EST,2014,78.333336
Estonia,EST,2015,70.666664
Estonia,EST,2016,4
Estonia,EST,2018,211.16667
Estonia,EST,2019,13
Estonia,EST,2022,4
Estonia,EST,2023,145
Eswatini,SWZ,2012,345.9499
Eswatini,SWZ,2013,361.28912
Eswatini,SWZ,2014,349.72998
Eswatini,SWZ,2015,305.20462
Eswatini,SWZ,2016,320.97238
Eswatini,SWZ,2017,321.65686
Eswatini,SWZ,2018,289.9269
Eswatini,SWZ,2019,363.12296
Eswatini,SWZ,2020,298.831
Eswatini,SWZ,2021,300.7613
Eswatini,SWZ,2022,297.6653
Eswatini,SWZ,2023,312.55554
Eswatini,SWZ,2024,323.1696
Eswatini,SWZ,2025,311.20587
Eswatini,SWZ,2026,282.0645
Ethiopia,ETH,2012,487.20163
Ethiopia,ETH,2013,479.83838
Ethiopia,ETH,2014,482.79944
Ethiopia,ETH,2015,488.70374
Ethiopia,ETH,2016,476.39
Ethiopia,ETH,2017,489.6004
Ethiopia,ETH,2018,415.06467
Ethiopia,ETH,2019,466.57657
Ethiopia,ETH,2020,420.6754
Ethiopia,ETH,2021,454.1598
Ethiopia,ETH,2022,429.16428
Ethiopia,ETH,2023,405.0245
Ethiopia,ETH,2024,393.7162
Ethiopia,ETH,2025,431.449
Ethiopia,ETH,2026,574.368
Europe,OWID_EUR,2012,567.0983
Europe,OWID_EUR,2013,422.3185
Europe,OWID_EUR,2014,399.9703
Europe,OWID_EUR,2015,394.52298
Europe,OWID_EUR,2016,532.92487
Europe,OWID_EUR,2017,386.76166
Europe,OWID_EUR,2018,447.18753
Europe,OWID_EUR,2019,471.3156
Europe,OWID_EUR,2020,471.79517
Europe,OWID_EUR,2021,655.2013
Europe,OWID_EUR,2022,426.50858
Europe,OWID_EUR,2023,531.6247
Europe,OWID_EUR,2024,610.89795
Europe,OWID_EUR,2025,509.32022
Europe,OWID_EUR,2026,316.5505
European Union (27),OWID_EU27,2012,306.49103
European Union (27),OWID_EU27,2013,279.59262
European Union (27),OWID_EU27,2014,243.13678
European Union (27),OWID_EU27,2015,270.08118
European Union (27),OWID_EU27,2016,321.41418
European Union (27),OWID_EU27,2017,353.54916
European Union (27),OWID_EU27,2018,205.6589
European Union (27),OWID_EU27,2019,262.61996
European Union (27),OWID_EU27,2020,284.64633
European Union (27),OWID_EU27,2021,353.6085
European Union (27),OWID_EU27,2022,355.0063
European Union (27),OWID_EU27,2023,391.3434
European Union (27),OWID_EU27,2024,385.38165
European Union (27),OWID_EU27,2025,519.1477
European Union (27),OWID_EU27,2026,353.3763
Falkland Islands,FLK,2012,524.2778
Falkland Islands,FLK,2013,253
Falkland Islands,FLK,2014,260
Falkland Islands,FLK,2015,333.6
Falkland Islands,FLK,2016,288.15384
Falkland Islands,FLK,2017,225.55556
Falkland Islands,FLK,2018,358.5
Falkland Islands,FLK,2019,136
Falkland Islands,FLK,2020,142
Falkland Islands,FLK,2021,231.16667
Falkland Islands,FLK,2022,221.78947
Falkland Islands,FLK,2023,172.66667
Falkland Islands,FLK,2024,134
Falkland Islands,FLK,2026,181
Fiji,FJI,2012,248.27942
Fiji,FJI,2013,255.93965
Fiji,FJI,2014,275.08524
Fiji,FJI,2015,295.52942
Fiji,FJI,2016,263.34885
Fiji,FJI,2017,271.2686
Fiji,FJI,2018,237.97159
Fiji,FJI,2019,243.6909
Fiji,FJI,2020,227.16667
Fiji,FJI,2021,269.54166
Fiji,FJI,2022,256.92426
Fiji,FJI,2023,278.35715
Fiji,FJI,2024,282.11
Fiji,FJI,2025,286.63635
Finland,FIN,2012,121.57143
Finland,FIN,2013,150.92857
Finland,FIN,2014,125.25
Finland,FIN,2015,130.25
Finland,FIN,2016,126.14286
Finland,FIN,2017,139.4
Finland,FIN,2018,170.41176
Finland,FIN,2019,110.5
Finland,FIN,2020,156.625
Finland,FIN,2021,255
Finland,FIN,2022,111
Finland,FIN,2023,128.75
Finland,FIN,2024,114.23077
Finland,FIN,2025,149.0625
France,FRA,2012,256.70892
France,FRA,2013,179.59421
France,FRA,2014,241.84024
France,FRA,2015,230.27777
France,FRA,2016,256.7265
France,FRA,2017,300.31274
France,FRA,2018,173.4375
France,FRA,2019,282.86545
France,FRA,2020,243.13954
France,FRA,2021,268.971
France,FRA,2022,455.94788
France,FRA,2023,264.93182
France,FRA,2024,197.68
France,FRA,2025,274.15268
France,FRA,2026,467.58273
French Guiana,GUF,2012,291.35043
French Guiana,GUF,2013,254.31482
French Guiana,GUF,2014,253.01724
French Guiana,GUF,2015,307.21698
French Guiana,GUF,2016,315.06616
French Guiana,GUF,2017,250.92982
French Guiana,GUF,2018,230.60484
French Guiana,GUF,2019,260.09677
French Guiana,GUF,2020,300.12857
French Guiana,GUF,2021,222.03334
French Guiana,GUF,2022,256.56757
French Guiana,GUF,2023,267.88818
French Guiana,GUF,2024,284.1236
French Guiana,GUF,2025,332.60306
French Guiana,GUF,2026,330.44446
Gabon,GAB,2012,346.1532
Gabon,GAB,2013,310.09442
Gabon,GAB,2014,311.99292
Gabon,GAB,2015,299.4439
Gabon,GAB,2016,298.23956
Gabon,GAB,2017,305.8576
Gabon,GAB,2018,288.6126
Gabon,GAB,2019,295.90436
Gabon,GAB,2020,282.153
Gabon,GAB,2021,282.7304
Gabon,GAB,2022,288.12134
Gabon,GAB,2023,306.30353
Gabon,GAB,2024,308.87177
Gabon,GAB,2025,311.63266
Gabon,GAB,2026,250.1628
Gambia,GMB,2012,424.91162
Gambia,GMB,2013,418.94574
Gambia,GMB,2014,385.8125
Gambia,GMB,2015,438.84677
Gambia,GMB,2016,414.30234
Gambia,GMB,2017,412.92096
Gambia,GMB,2018,458.40677
Gambia,GMB,2019,412.81094
Gambia,GMB,2020,428.28476
Gambia,GMB,2021,384.09616
Gambia,GMB,2022,451.51987
Gambia,GMB,2023,428.75916
Gambia,GMB,2024,453.94904
Gambia,GMB,2025,435.0597
Gambia,GMB,2026,716.4785
Georgia,GEO,2012,254.39166
Georgia,GEO,2013,279.04166
Georgia,GEO,2014,247.64407
Georgia,GEO,2015,345.1087
Georgia,GEO,2016,289.2639
Georgia,GEO,2017,301.34482
Georgia,GEO,2018,291.94
Georgia,GEO,2019,394.08975
Georgia,GEO,2020,300.81482
Georgia,GEO,2021,330.18692
Georgia,GEO,2022,283.69513
Georgia,GEO,2023,279.77777
Georgia,GEO,2024,288.58572
Georgia,GEO,2025,320.84656
Georgia,GEO,2026,351.5909
Germany,DEU,2012,236
Germany,DEU,2013,146.93333
Germany,DEU,2014,146.11111
Germany,DEU,2015,241.5
Germany,DEU,2016,162.91667
Germany,DEU,2017,137.875
Germany,DEU,2018,226.71428
Germany,DEU,2019,230.62962
Germany,DEU,2020,145.61111
Germany,DEU,2021,135.42857
Germany,DEU,2022,200.92308
Germany,DEU,2023,225.25
Germany,DEU,2024,206.24243
Germany,DEU,2025,226.68657
Germany,DEU,2026,210.2
Ghana,GHA,2012,396.07407
Ghana,GHA,2013,392.6507
Ghana,GHA,2014,399.1874
Ghana,GHA,2015,401.84628
Ghana,GHA,2016,413.14456
Ghana,GHA,2017,407.94125
Ghana,GHA,2018,408.4856
Ghana,GHA,2019,414.36172
Ghana,GHA,2020,408.68646
Ghana,GHA,2021,391.12714
Ghana,GHA,2022,422.19748
Ghana,GHA,2023,405.31143
Ghana,GHA,2024,422.48984
Ghana,GHA,2025,491.82678
Ghana,GHA,2026,661.7767
Greece,GRC,2012,418.29462
Greece,GRC,2013,298.2682
Greece,GRC,2014,303.5318
Greece,GRC,2015,305.3552
Greece,GRC,2016,400.36072
Greece,GRC,2017,361.3759
Greece,GRC,2018,267.64462
Greece,GRC,2019,289.33945
Greece,GRC,2020,319.36697
Greece,GRC,2021,1414.0416
Greece,GRC,2022,392.12613
Greece,GRC,2023,1762.4479
Greece,GRC,2024,555.5106
Greece,GRC,2025,465.34067
Greece,GRC,2026,376.1875
Greenland,GRL,2014,139
Greenland,GRL,2015,506
Greenland,GRL,2016,105
Greenland,GRL,2017,748
Greenland,GRL,2019,644
Greenland,GRL,2020,118.75
Grenada,GRD,2026,207
Guadeloupe,GLP,2014,195.5
Guadeloupe,GLP,2018,188
Guadeloupe,GLP,2023,185
Guadeloupe,GLP,2026,201
Guam,GUM,2012,351
Guam,GUM,2013,290
Guam,GUM,2014,579.5
Guam,GUM,2015,250.25
Guam,GUM,2016,244.75
Guam,GUM,2017,336
Guam,GUM,2018,193
Guam,GUM,2019,277.75
Guam,GUM,2020,139
Guam,GUM,2021,247.5
Guam,GUM,2022,359
Guam,GUM,2024,228.33333
Guam,GUM,2025,234
Guatemala,GTM,2012,298.74573
Guatemala,GTM,2013,314.08966
Guatemala,GTM,2014,285.10684
Guatemala,GTM,2015,306.20844
Guatemala,GTM,2016,310.18405
Guatemala,GTM,2017,317.50082
Guatemala,GTM,2018,271.49734
Guatemala,GTM,2019,300.87112
Guatemala,GTM,2020,335.28702
Guatemala,GTM,2021,281.21054
Guatemala,GTM,2022,268.13885
Guatemala,GTM,2023,239.25508
Guatemala,GTM,2024,387.93124
Guatemala,GTM,2025,252.20316
Guatemala,GTM,2026,258.63773
Guinea,GIN,2012,402.8552
Guinea,GIN,2013,377.39847
Guinea,GIN,2014,401.874
Guinea,GIN,2015,389.45798
Guinea,GIN,2016,394.11142
Guinea,GIN,2017,389.9165
Guinea,GIN,2018,391.02933
Guinea,GIN,2019,374.67072
Guinea,GIN,2020,366.27298
Guinea,GIN,2021,364.5427
Guinea,GIN,2022,357.09656
Guinea,GIN,2023,357.42755
Guinea,GIN,2024,367.9993
Guinea,GIN,2025,364.94034
Guinea,GIN,2026,507.45453
Guinea-Bissau,GNB,2012,351.34244
Guinea-Bissau,GNB,2013,344.6112
Guinea-Bissau,GNB,2014,364.21744
Guinea-Bissau,GNB,2015,376.96564
Guinea-Bissau,GNB,2016,362.27026
Guinea-Bissau,GNB,2017,342.4501
Guinea-Bissau,GNB,2018,329.37418
Guinea-Bissau,GNB,2019,351.63684
Guinea-Bissau,GNB,2020,346.9556
Guinea-Bissau,GNB,2021,323.0454
Guinea-Bissau,GNB,2022,329.3798
Guinea-Bissau,GNB,2023,312.55212
Guinea-Bissau,GNB,2024,353.31744
Guinea-Bissau,GNB,2025,324.4904
Guinea-Bissau,GNB,2026,513.1142
Guyana,GUY,2012,308.56403
Guyana,GUY,2013,284.68307
Guyana,GUY,2014,299.46994
Guyana,GUY,2015,315.35
Guyana,GUY,2016,358.39645
Guyana,GUY,2017,288.4066
Guyana,GUY,2018,219.35796
Guyana,GUY,2019,318.4734
Guyana,GUY,2020,289.07938
Guyana,GUY,2021,254.93259
Guyana,GUY,2022,261.5819
Guyana,GUY,2023,279.62653
Guyana,GUY,2024,437.9347
Guyana,GUY,2025,319.74292
Guyana,GUY,2026,319.11636
Haiti,HTI,2012,246.90625
Haiti,HTI,2013,260.24417
Haiti,HTI,2014,231.02272
Haiti,HTI,2015,235.89854
Haiti,HTI,2016,225.69698
Haiti,HTI,2017,221.60869
Haiti,HTI,2018,252.20512
Haiti,HTI,2019,224.17647
Haiti,HTI,2020,218.51546
Haiti,HTI,2021,254.93443
Haiti,HTI,2022,229.20409
Haiti,HTI,2023,240.6033
Haiti,HTI,2024,219.21312
Haiti,HTI,2025,178.33566
Haiti,HTI,2026,178.45882
Honduras,HND,2012,271.26056
Honduras,HND,2013,318.1618
Honduras,HND,2014,319.0119
Honduras,HND,2015,367.0153
Honduras,HND,2016,329.63126
Honduras,HND,2017,325.61267
Honduras,HND,2018,349.62036
Honduras,HND,2019,354.70377
Honduras,HND,2020,443.82748
Honduras,HND,2021,264.07306
Honduras,HND,2022,327.98544
Honduras,HND,2023,304.2158
Honduras,HND,2024,372.57758
Honduras,HND,2025,268.59937
Honduras,HND,2026,297.95694
Hong Kong,HKG,2013,189
Hong Kong,HKG,2014,434.5
Hong Kong,HKG,2015,162
Hong Kong,HKG,2016,851
Hong Kong,HKG,2017,391
Hong Kong,HKG,2018,285.66666
Hong Kong,HKG,2019,208
Hong Kong,HKG,2020,207
Hong Kong,HKG,2021,624.5
Hong Kong,HKG,2022,164
Hong Kong,HKG,2024,195
Hong Kong,HKG,2025,827
Hungary,HUN,2012,218.82259
Hungary,HUN,2013,172.17143
Hungary,HUN,2014,161.21739
Hungary,HUN,2015,175.23077
Hungary,HUN,2016,148.4
Hungary,HUN,2017,171.02942
Hungary,HUN,2018,131.02
Hungary,HUN,2019,187.61363
Hungary,HUN,2020,161.91304
Hungary,HUN,2021,146.09525
Hungary,HUN,2022,219.28432
Hungary,HUN,2023,137.83333
Hungary,HUN,2024,224.1875
Hungary,HUN,2025,195.38235
Hungary,HUN,2026,214.31035
Iceland,ISL,2012,58
Iceland,ISL,2013,82.333336
Iceland,ISL,2014,571.4773
Iceland,ISL,2015,192.23077
Iceland,ISL,2016,71
Iceland,ISL,2018,60.75
Iceland,ISL,2019,66
Iceland,ISL,2020,101
Iceland,ISL,2021,943.375
Iceland,ISL,2022,234.05
Iceland,ISL,2023,1049.5
Iceland,ISL,2024,935.81396
Iceland,ISL,2025,384.1111
Iceland,ISL,2026,81
India,IND,2012,376.746
India,IND,2013,349.17685
India,IND,2014,372.1316
India,IND,2015,347.3597
India,IND,2016,380.18625
India,IND,2017,360.14502
India,IND,2018,325.2062
India,IND,2019,352.8193
India,IND,2020,350.23593
India,IND,2021,400.2887
India,IND,2022,343.86832
India,IND,2023,336.99432
India,IND,2024,324.0747
India,IND,2025,382.7467
India,IND,2026,455.9336
Indonesia,IDN,2012,354.437
Indonesia,IDN,2013,381.6528
Indonesia,IDN,2014,418.78088
Indonesia,IDN,2015,453.0081
Indonesia,IDN,2016,329.5269
Indonesia,IDN,2017,296.80035
Indonesia,IDN,2018,296.69305
Indonesia,IDN,2019,460.02905
Indonesia,IDN,2020,296.63876
Indonesia,IDN,2021,277.06573
Indonesia,IDN,2022,281.51636
Indonesia,IDN,2023,372.0597
Indonesia,IDN,2024,298.17728
Indonesia,IDN,2025,364.16513
Indonesia,IDN,2026,410.581
Iran,IRN,2012,226.24048
Iran,IRN,2013,217.46365
Iran,IRN,2014,232.78134
Iran,IRN,2015,229.60939
Iran,IRN,2016,248.88078
Iran,IRN,2017,252.80952
Iran,IRN,2018,224.58974
Iran,IRN,2019,255.32945
Iran,IRN,2020,272.7597
Iran,IRN,2021,230.37585
Iran,IRN,2022,218.00966
Iran,IRN,2023,242.03586
Iran,IRN,2024,249.43494
Iran,IRN,2025,284.8556
Iran,IRN,2026,277.85437
Iraq,IRQ,2012,238.36705
Iraq,IRQ,2013,229.42148
Iraq,IRQ,2014,241.11232
Iraq,IRQ,2015,326.52106
Iraq,IRQ,2016,279.5
Iraq,IRQ,2017,241.32475
Iraq,IRQ,2018,265.5946
Iraq,IRQ,2019,289.7718
Iraq,IRQ,2020,269.43176
Iraq,IRQ,2021,243.99939
Iraq,IRQ,2022,245.21313
Iraq,IRQ,2023,270.559
Iraq,IRQ,2024,255.22775
Iraq,IRQ,2025,324.29752
Iraq,IRQ,2026,260.01178
Ireland,IRL,2012,238.92308
Ireland,IRL,2013,268.23077
Ireland,IRL,2014,179.66667
Ireland,IRL,2015,292.3729
Ireland,IRL,2016,183.14285
Ireland,IRL,2017,317.03333
Ireland,IRL,2018,226.57895
Ireland,IRL,2019,193.5
Ireland,IRL,2020,243.8125
Ireland,IRL,2021,265.5
Ireland,IRL,2022,234.52942
Ireland,IRL,2023,190.28572
Ireland,IRL,2024,205
Ireland,IRL,2025,252.32143
Israel,ISR,2012,230.13333
Israel,ISR,2013,437
Israel,ISR,2014,329.3
Israel,ISR,2015,294.08
Israel,ISR,2016,313.25
Israel,ISR,2017,257.83334
Israel,ISR,2018,195.26666
Israel,ISR,2019,260.9655
Israel,ISR,2020,315.65216
Israel,ISR,2021,260.92105
Israel,ISR,2022,214.66667
Israel,ISR,2023,237.55556
Israel,ISR,2024,273.92
Israel,ISR,2025,256.2143
Israel,ISR,2026,219
Italy,ITA,2012,274.00388
Italy,ITA,2013,250.2168
Italy,ITA,2014,237.67706
Italy,ITA,2015,235.7829
Italy,ITA,2016,246.08421
Italy,ITA,2017,316.74445
Italy,ITA,2018,227.80298
Italy,ITA,2019,238.69897
Italy,ITA,2020,244.99773
Italy,ITA,2021,336.44293
Italy,ITA,2022,256.51782
Italy,ITA,2023,291.1709
Italy,ITA,2024,253.0405
Italy,ITA,2025,266.58853
Italy,ITA,2026,527.2
Jamaica,JAM,2012,217.51724
Jamaica,JAM,2013,220.19048
Jamaica,JAM,2014,303.78787
Jamaica,JAM,2015,349
Jamaica,JAM,2016,223.66667
Jamaica,JAM,2017,263.14285
Jamaica,JAM,2018,238.97058
Jamaica,JAM,2019,239.34375
Jamaica,JAM,2020,234.68292
Jamaica,JAM,2021,250.64706
Jamaica,JAM,2022,255.64706
Jamaica,JAM,2023,213.78947
Jamaica,JAM,2024,266.08694
Jamaica,JAM,2025,186.72414
Jamaica,JAM,2026,149.06667
Japan,JPN,2012,310.4
Japan,JPN,2013,333.56
Japan,JPN,2014,544.06665
Japan,JPN,2015,462.16666
Japan,JPN,2016,323
Japan,JPN,2017,261.22223
Japan,JPN,2018,481.77777
Japan,JPN,2019,367.35294
Japan,JPN,2020,447.1081
Japan,JPN,2021,242.48
Japan,JPN,2022,485.6842
Japan,JPN,2023,285
Japan,JPN,2024,288.57144
Japan,JPN,2025,420.68182
Japan,JPN,2026,597.12823
Jordan,JOR,2013,206.5
Jordan,JOR,2015,121.181816
Jordan,JOR,2016,148
Jordan,JOR,2017,115.333336
Jordan,JOR,2018,58.333332
Jordan,JOR,2019,91.5
Jordan,JOR,2020,184
Jordan,JOR,2021,158.75
Jordan,JOR,2022,172.2
Jordan,JOR,2023,53.8
Jordan,JOR,2024,88.25
Jordan,JOR,2025,103.28571
Jordan,JOR,2026,266
Kazakhstan,KAZ,2012,385.87292
Kazakhstan,KAZ,2013,348.43805
Kazakhstan,KAZ,2014,439.0761
Kazakhstan,KAZ,2015,505.17758
Kazakhstan,KAZ,2016,365.29822
Kazakhstan,KAZ,2017,559.7955
Kazakhstan,KAZ,2018,409.32263
Kazakhstan,KAZ,2019,498.183
Kazakhstan,KAZ,2020,404.06232
Kazakhstan,KAZ,2021,427.98724
Kazakhstan,KAZ,2022,375.80936
Kazakhstan,KAZ,2023,359.5636
Kazakhstan,KAZ,2024,319.31796
Kazakhstan,KAZ,2025,311.63092
Kazakhstan,KAZ,2026,453.98795
Kenya,KEN,2012,536.4252
Kenya,KEN,2013,433.1398
Kenya,KEN,2014,363.07132
Kenya,KEN,2015,359.18512
Kenya,KEN,2016,338.92908
Kenya,KEN,2017,318.71204
Kenya,KEN,2018,267.6154
Kenya,KEN,2019,412.49384
Kenya,KEN,2020,436.29553
Kenya,KEN,2021,405.1551
Kenya,KEN,2022,330.42355
Kenya,KEN,2023,346.92856
Kenya,KEN,2024,377.96484
Kenya,KEN,2025,493.6593
Kenya,KEN,2026,360.45032
Kosovo,OWID_KOS,2012,320.16934
Kosovo,OWID_KOS,2013,206.69444
Kosovo,OWID_KOS,2014,235.84616
Kosovo,OWID_KOS,2015,268.30304
Kosovo,OWID_KOS,2016,211.85715
Kosovo,OWID_KOS,2017,272.02
Kosovo,OWID_KOS,2018,186
Kosovo,OWID_KOS,2019,286.12988
Kosovo,OWID_KOS,2020,307.14584
Kosovo,OWID_KOS,2021,230.02777
Kosovo,OWID_KOS,2022,189.21875
Kosovo,OWID_KOS,2023,190.26315
Kosovo,OWID_KOS,2024,234.03636
Kosovo,OWID_KOS,2025,365.44644
Kosovo,OWID_KOS,2026,223
Kuwait,KWT,2012,189
Kuwait,KWT,2013,174
Kuwait,KWT,2014,177.57143
Kuwait,KWT,2015,176.8
Kuwait,KWT,2016,290
Kuwait,KWT,2017,177.33333
Kuwait,KWT,2018,207.66667
Kuwait,KWT,2019,251.63637
Kuwait,KWT,2020,278.25
Kuwait,KWT,2021,200
Kuwait,KWT,2022,160.2
Kuwait,KWT,2024,177.33333
Kyrgyzstan,KGZ,2012,284.5821
Kyrgyzstan,KGZ,2013,255.04082
Kyrgyzstan,KGZ,2014,237.48215
Kyrgyzstan,KGZ,2015,317.42856
Kyrgyzstan,KGZ,2016,219.06522
Kyrgyzstan,KGZ,2017,274.66
Kyrgyzstan,KGZ,2018,220.4557
Kyrgyzstan,KGZ,2019,228.82812
Kyrgyzstan,KGZ,2020,179.57446
Kyrgyzstan,KGZ,2021,198.02632
Kyrgyzstan,KGZ,2022,168.32259
Kyrgyzstan,KGZ,2023,158.41176
Kyrgyzstan,KGZ,2024,189
Kyrgyzstan,KGZ,2025,249.18367
Kyrgyzstan,KGZ,2026,246.22223
Laos,LAO,2012,472.529
Laos,LAO,2013,449.1452
Laos,LAO,2014,482.74078
Laos,LAO,2015,487.0445
Laos,LAO,2016,457.09613
Laos,LAO,2017,458.37955
Laos,LAO,2018,462.34518
Laos,LAO,2019,424.97025
Laos,LAO,2020,463.58112
Laos,LAO,2021,407.4892
Laos,LAO,2022,376.85483
Laos,LAO,2023,471.0995
Laos,LAO,2024,412.4276
Laos,LAO,2025,383.8993
Laos,LAO,2026,440.24802
Latvia,LVA,2012,138.66667
Latvia,LVA,2013,156
Latvia,LVA,2014,152.5
Latvia,LVA,2015,143.8
Latvia,LVA,2016,141.25
Latvia,LVA,2017,149.33333
Latvia,LVA,2018,306.26666
Latvia,LVA,2019,184.7
Latvia,LVA,2020,207
Latvia,LVA,2021,238
Latvia,LVA,2022,168.16667
Latvia,LVA,2023,338
Latvia,LVA,2024,157
Latvia,LVA,2025,191
Lebanon,LBN,2012,144
Lebanon,LBN,2013,212.3158
Lebanon,LBN,2014,439
Lebanon,LBN,2015,166
Lebanon,LBN,2016,182.4375
Lebanon,LBN,2017,195.63637
Lebanon,LBN,2018,157.33333
Lebanon,LBN,2019,168.58333
Lebanon,LBN,2020,253.04762
Lebanon,LBN,2021,246.84
Lebanon,LBN,2022,229.16667
Lebanon,LBN,2023,260.27274
Lebanon,LBN,2024,213.85106
Lebanon,LBN,2025,275.18182
Lesotho,LSO,2012,262.45456
Lesotho,LSO,2013,320.72058
Lesotho,LSO,2014,307.41537
Lesotho,LSO,2015,236.08861
Lesotho,LSO,2016,257.16666
Lesotho,LSO,2017,242.6
Lesotho,LSO,2018,231.45
Lesotho,LSO,2019,309.1075
Lesotho,LSO,2020,259.42426
Lesotho,LSO,2021,246.33664
Lesotho,LSO,2022,280.4023
Lesotho,LSO,2023,260.19107
Lesotho,LSO,2024,288.0431
Lesotho,LSO,2025,233.93549
Liberia,LBR,2012,340.39352
Liberia,LBR,2013,328.4304
Liberia,LBR,2014,342.63715
Liberia,LBR,2015,380.48508
Liberia,LBR,2016,312.73685
Liberia,LBR,2017,344.7716
Liberia,LBR,2018,322.00876
Liberia,LBR,2019,342.33698
Liberia,LBR,2020,314.20667
Liberia,LBR,2021,279.72217
Liberia,LBR,2022,297.36856
Liberia,LBR,2023,318.5576
Liberia,LBR,2024,311.06317
Liberia,LBR,2025,310.70657
Liberia,LBR,2026,420.12396
Libya,LBY,2012,257.3158
Libya,LBY,2013,322.25
Libya,LBY,2014,190.3125
Libya,LBY,2015,214.89473
Libya,LBY,2016,220.72728
Libya,LBY,2017,243.26315
Libya,LBY,2018,203.42308
Libya,LBY,2019,185.21739
Libya,LBY,2020,259.72415
Libya,LBY,2021,258.92307
Libya,LBY,2022,229.16667
Libya,LBY,2023,183.92308
Libya,LBY,2024,217.61539
Libya,LBY,2025,197.125
Libya,LBY,2026,132
Lithuania,LTU,2012,168.375
Lithuania,LTU,2013,135.8
Lithuania,LTU,2014,142.44444
Lithuania,LTU,2015,189
Lithuania,LTU,2016,112
Lithuania,LTU,2017,191
Lithuania,LTU,2018,164.4
Lithuania,LTU,2019,203.85715
Lithuania,LTU,2020,161.5
Lithuania,LTU,2021,133.25
Lithuania,LTU,2022,119
Lithuania,LTU,2023,151.2
Lithuania,LTU,2024,133.2
Lithuania,LTU,2025,164.33333
Madagascar,MDG,2012,302.175
Madagascar,MDG,2013,324.29044
Madagascar,MDG,2014,307.0921
Madagascar,MDG,2015,315.27652
Madagascar,MDG,2016,312.5489
Madagascar,MDG,2017,307.75253
Madagascar,MDG,2018,258.586
Madagascar,MDG,2019,306.01602
Madagascar,MDG,2020,311.2455
Madagascar,MDG,2021,283.94543
Madagascar,MDG,2022,303.10538
Madagascar,MDG,2023,301.40637
Madagascar,MDG,2024,303.51978
Madagascar,MDG,2025,352.71893
Madagascar,MDG,2026,288.9035
Malawi,MWI,2012,377.49545
Malawi,MWI,2013,342.7247
Malawi,MWI,2014,349.04855
Malawi,MWI,2015,346.60327
Malawi,MWI,2016,366.66278
Malawi,MWI,2017,337.86124
Malawi,MWI,2018,299.71384
Malawi,MWI,2019,341.75922
Malawi,MWI,2020,355.49844
Malawi,MWI,2021,326.5232
Malawi,MWI,2022,352.6098
Malawi,MWI,2023,352.38153
Malawi,MWI,2024,356.7445
Malawi,MWI,2025,466.7563
Malawi,MWI,2026,175
Malaysia,MYS,2012,330.12674
Malaysia,MYS,2013,307.29462
Malaysia,MYS,2014,346.03592
Malaysia,MYS,2015,312.2
Malaysia,MYS,2016,343.64713
Malaysia,MYS,2017,262.3846
Malaysia,MYS,2018,283.149
Malaysia,MYS,2019,305.3354
Malaysia,MYS,2020,273.728
Malaysia,MYS,2021,271.59885
Malaysia,MYS,2022,227.67961
Malaysia,MYS,2023,246.8024
Malaysia,MYS,2024,332.41177
Malaysia,MYS,2025,275.73294
Malaysia,MYS,2026,353.1
Mali,MLI,2012,374.9045
Mali,MLI,2013,362.6133
Mali,MLI,2014,343.7269
Mali,MLI,2015,358.1141
Mali,MLI,2016,355.05258
Mali,MLI,2017,357.92294
Mali,MLI,2018,313.89737
Mali,MLI,2019,353.827
Mali,MLI,2020,368.12433
Mali,MLI,2021,360.5211
Mali,MLI,2022,374.1628
Mali,MLI,2023,374.506
Mali,MLI,2024,400.35492
Mali,MLI,2025,516.62964
Mali,MLI,2026,497.58984
Malta,MLT,2020,174
Martinique,MTQ,2019,181
Martinique,MTQ,2021,192
Martinique,MTQ,2024,174
Martinique,MTQ,2025,124
Mauritania,MRT,2012,721.664
Mauritania,MRT,2013,544.5125
Mauritania,MRT,2014,473.13333
Mauritania,MRT,2015,468.52777
Mauritania,MRT,2016,640.5263
Mauritania,MRT,2017,583.42426
Mauritania,MRT,2018,347.3889
Mauritania,MRT,2019,488.84525
Mauritania,MRT,2020,546.81635
Mauritania,MRT,2021,670.2327
Mauritania,MRT,2022,603.36664
Mauritania,MRT,2023,575.78644
Mauritania,MRT,2024,600.6067
Mauritania,MRT,2025,945.62036
Mauritania,MRT,2026,814.64197
Mauritius,MUS,2012,265.33334
Mauritius,MUS,2013,206.33333
Mauritius,MUS,2014,251.85715
Mauritius,MUS,2016,191.5
Mauritius,MUS,2017,180
Mauritius,MUS,2018,153.66667
Mauritius,MUS,2019,244
Mauritius,MUS,2020,303
Mauritius,MUS,2021,197
Mauritius,MUS,2022,202.25
Mauritius,MUS,2024,243.33333
Mauritius,MUS,2025,280.25
Mayotte,MYT,2013,268
Mayotte,MYT,2016,169
Mayotte,MYT,2025,218
Mexico,MEX,2012,399.88547
Mexico,MEX,2013,378.7021
Mexico,MEX,2014,303.34576
Mexico,MEX,2015,306.6637
Mexico,MEX,2016,346.33313
Mexico,MEX,2017,407.395
Mexico,MEX,2018,382.71063
Mexico,MEX,2019,405.26666
Mexico,MEX,2020,363.59897
Mexico,MEX,2021,374.8128
Mexico,MEX,2022,333.16336
Mexico,MEX,2023,316.548
Mexico,MEX,2024,489.49268
Mexico,MEX,2025,345.01913
Mexico,MEX,2026,255.39719
Micronesia (country),FSM,2016,245.5
Moldova,MDA,2012,194.63934
Moldova,MDA,2013,196.81294
Moldova,MDA,2014,210.32042
Moldova,MDA,2015,213.21118
Moldova,MDA,2016,214.45992
Moldova,MDA,2017,202.87074
Moldova,MDA,2018,164.56097
Moldova,MDA,2019,194.06061
Moldova,MDA,2020,171.95161
Moldova,MDA,2021,210.20879
Moldova,MDA,2022,180.36932
Moldova,MDA,2023,208.43333
Moldova,MDA,2024,184.86667
Moldova,MDA,2025,176.52174
Moldova,MDA,2026,260.2857
Mongolia,MNG,2012,1245.9181
Mongolia,MNG,2013,712.3836
Mongolia,MNG,2014,857.3777
Mongolia,MNG,2015,1302.2947
Mongolia,MNG,2016,636.8383
Mongolia,MNG,2017,805.25806
Mongolia,MNG,2018,790.47296
Mongolia,MNG,2019,691.1894
Mongolia,MNG,2020,443.2157
Mongolia,MNG,2021,419.78873
Mongolia,MNG,2022,738.4186
Mongolia,MNG,2023,1075.698
Mongolia,MNG,2024,559.783
Mongolia,MNG,2025,677.9251
Mongolia,MNG,2026,814.125
Montenegro,MNE,2012,551.6322
Montenegro,MNE,2013,311
Montenegro,MNE,2014,169.4
Montenegro,MNE,2015,412.4592
Montenegro,MNE,2016,276.30768
Montenegro,MNE,2017,634.8986
Montenegro,MNE,2018,359.75
Montenegro,MNE,2019,308.12122
Montenegro,MNE,2020,316.34647
Montenegro,MNE,2021,932.28125
Montenegro,MNE,2022,424.97333
Montenegro,MNE,2024,508.31915
Montenegro,MNE,2025,503.4035
Montenegro,MNE,2026,243.85715
Montserrat,MSR,2020,301
Morocco,MAR,2012,543.5682
Morocco,MAR,2013,284.85294
Morocco,MAR,2014,236.83333
Morocco,MAR,2015,240.73077
Morocco,MAR,2016,394.2973
Morocco,MAR,2017,322.28946
Morocco,MAR,2018,199
Morocco,MAR,2019,370.2857
Morocco,MAR,2020,462.07895
Morocco,MAR,2021,307.3095
Morocco,MAR,2022,980.6739
Morocco,MAR,2023,452.53192
Morocco,MAR,2024,223
Morocco,MAR,2025,275.29166
Mozambique,MOZ,2012,406.61487
Mozambique,MOZ,2013,425.27145
Mozambique,MOZ,2014,419.80392
Mozambique,MOZ,2015,395.69913
Mozambique,MOZ,2016,413.44977
Mozambique,MOZ,2017,407.40472
Mozambique,MOZ,2018,373.58008
Mozambique,MOZ,2019,400.9087
Mozambique,MOZ,2020,397.16415
Mozambique,MOZ,2021,395.39453
Mozambique,MOZ,2022,421.42838
Mozambique,MOZ,2023,384.32025
Mozambique,MOZ,2024,387.50677
Mozambique,MOZ,2025,488.06375
Mozambique,MOZ,2026,263.47827
Myanmar,MMR,2012,419.14557
Myanmar,MMR,2013,407.45395
Myanmar,MMR,2014,417.55923
Myanmar,MMR,2015,399.99774
Myanmar,MMR,2016,382.3424
Myanmar,MMR,2017,387.69128
Myanmar,MMR,2018,352.74847
Myanmar,MMR,2019,385.2371
Myanmar,MMR,2020,391.60672
Myanmar,MMR,2021,404.4845
Myanmar,MMR,2022,341.77667
Myanmar,MMR,2023,424.12598
Myanmar,MMR,2024,422.4382
Myanmar,MMR,2025,407.1447
Myanmar,MMR,2026,592.0427
Namibia,NAM,2012,957.25287
Namibia,NAM,2013,756.53986
Namibia,NAM,2014,549.29535
Namibia,NAM,2015,696.87177
Namibia,NAM,2016,686.4168
Namibia,NAM,2017,667.54486
Namibia,NAM,2018,629.4251
Namibia,NAM,2019,691.17944
Namibia,NAM,2020,759.0055
Namibia,NAM,2021,747.1027
Namibia,NAM,2022,718.26904
Namibia,NAM,2023,713.55396
Namibia,NAM,2024,624.08826
Namibia,NAM,2025,946.4034
Namibia,NAM,2026,280.43478
Nepal,NPL,2012,425.25394
Nepal,NPL,2013,417.89584
Nepal,NPL,2014,407.73962
Nepal,NPL,2015,333.49667
Nepal,NPL,2016,486.66837
Nepal,NPL,2017,489.0282
Nepal,NPL,2018,389.12534
Nepal,NPL,2019,531.75806
Nepal,NPL,2020,327.08057
Nepal,NPL,2021,433.7025
Nepal,NPL,2022,427.8837
Nepal,NPL,2023,372.36273
Nepal,NPL,2024,325.74414
Nepal,NPL,2025,331.54358
Nepal,NPL,2026,352.5
Netherlands,NLD,2013,197
Netherlands,NLD,2014,363.66666
Netherlands,NLD,2015,139
Netherlands,NLD,2018,183
Netherlands,NLD,2019,214.5
Netherlands,NLD,2020,653.5
Netherlands,NLD,2021,105
Netherlands,NLD,2022,175
Netherlands,NLD,2023,174
Netherlands,NLD,2024,138
Netherlands,NLD,2025,134
New Caledonia,NCL,2012,219.4
New Caledonia,NCL,2013,319.35135
New Caledonia,NCL,2014,274.21054
New Caledonia,NCL,2015,301.76923
New Caledonia,NCL,2016,283.87656
New Caledonia,NCL,2017,324.01315
New Caledonia,NCL,2018,223.79488
New Caledonia,NCL,2019,401.49286
New Caledonia,NCL,2020,229.8421
New Caledonia,NCL,2021,259.68604
New Caledonia,NCL,2022,149.63333
New Caledonia,NCL,2023,291.3846
New Caledonia,NCL,2024,348.16455
New Caledonia,NCL,2025,429
New Zealand,NZL,2012,192.3561
New Zealand,NZL,2013,209.39726
New Zealand,NZL,2014,215.02213
New Zealand,NZL,2015,212.54222
New Zealand,NZL,2016,199.5989
New Zealand,NZL,2017,229.47552
New Zealand,NZL,2018,187.42554
New Zealand,NZL,2019,223.86284
New Zealand,NZL,2020,219.45087
New Zealand,NZL,2021,210.27058
New Zealand,NZL,2022,207.40384
New Zealand,NZL,2023,231.74467
New Zealand,NZL,2024,227.23077
New Zealand,NZL,2025,218.85246
New Zealand,NZL,2026,219.66356
Nicaragua,NIC,2012,289.06317
Nicaragua,NIC,2013,307.44968
Nicaragua,NIC,2014,309.63864
Nicaragua,NIC,2015,294.5691
Nicaragua,NIC,2016,334.54373
Nicaragua,NIC,2017,301.76895
Nicaragua,NIC,2018,308.87762
Nicaragua,NIC,2019,325.28906
Nicaragua,NIC,2020,312.3878
Nicaragua,NIC,2021,264.26086
Nicaragua,NIC,2022,293.28278
Nicaragua,NIC,2023,266.1961
Nicaragua,NIC,2024,399.1204
Nicaragua,NIC,2025,240.35664
Nicaragua,NIC,2026,267.73798
Niger,NER,2012,464.80435
Niger,NER,2013,404.46796
Niger,NER,2014,441.66165
Niger,NER,2015,495.89856
Niger,NER,2016,505.90652
Niger,NER,2017,445.50153
Niger,NER,2018,415.10037
Niger,NER,2019,397.65665
Niger,NER,2020,407.6083
Niger,NER,2021,476.2129
Niger,NER,2022,448.84647
Niger,NER,2023,421.56744
Niger,NER,2024,616.7362
Niger,NER,2025,657.6136
Niger,NER,2026,524.4498
Nigeria,NGA,2012,341.7464
Nigeria,NGA,2013,343.78458
Nigeria,NGA,2014,351.8766
Nigeria,NGA,2015,353.5122
Nigeria,NGA,2016,386.06625
Nigeria,NGA,2017,367.07208
Nigeria,NGA,2018,347.7054
Nigeria,NGA,2019,357.29965
Nigeria,NGA,2020,365.05356
Nigeria,NGA,2021,380.21094
Nigeria,NGA,2022,363.22412
Nigeria,NGA,2023,387.2187
Nigeria,NGA,2024,360.9272
Nigeria,NGA,2025,457.98996
Nigeria,NGA,2026,530.3758
North America,OWID_NAM,2012,428.76184
North America,OWID_NAM,2013,403.87933
North America,OWID_NAM,2014,401.94656
North America,OWID_NAM,2015,424.06256
North America,OWID_NAM,2016,361.72794
North America,OWID_NAM,2017,446.47714
North America,OWID_NAM,2018,428.32138
North America,OWID_NAM,2019,391.07413
North America,OWID_NAM,2020,410.2747
North America,OWID_NAM,2021,461.2208
North America,OWID_NAM,2022,379.68915
North America,OWID_NAM,2023,463.69446
North America,OWID_NAM,2024,531.2984
North America,OWID_NAM,2025,395.0555
North America,OWID_NAM,2026,256.30792
North Korea,PRK,2012,261.7444
North Korea,PRK,2013,234.29184
North Korea,PRK,2014,372.63492
North Korea,PRK,2015,479.6401
North Korea,PRK,2016,275.1889
North Korea,PRK,2017,377.69714
North Korea,PRK,2018,309.29788
North Korea,PRK,2019,399.7511
North Korea,PRK,2020,296.71112
North Korea,PRK,2021,241.8
North Korea,PRK,2022,275.3871
North Korea,PRK,2023,268.96875
North Korea,PRK,2024,329.8913
North Korea,PRK,2025,329.44446
North Korea,PRK,2026,543.86957
North Macedonia,MKD,2012,428.56097
North Macedonia,MKD,2013,287.32468
North Macedonia,MKD,2014,207.61363
North Macedonia,MKD,2015,289.7738
North Macedonia,MKD,2016,250.61539
North Macedonia,MKD,2017,383.47693
North Macedonia,MKD,2018,173.85106
North Macedonia,MKD,2019,354.96753
North Macedonia,MKD,2020,242.275
North Macedonia,MKD,2021,361.81082
North Macedonia,MKD,2022,308.91428
North Macedonia,MKD,2023,327.19403
North Macedonia,MKD,2024,740.42737
North Macedonia,MKD,2025,510.88058
North Macedonia,MKD,2026,346.33334
Northern Cyprus,OWID_CYN,2012,219
Northern Cyprus,OWID_CYN,2013,158.5
Northern Cyprus,OWID_CYN,2014,150
Northern Cyprus,OWID_CYN,2017,370
Northern Cyprus,OWID_CYN,2018,11
Northern Cyprus,OWID_CYN,2020,657.5
Northern Cyprus,OWID_CYN,2021,168
Northern Cyprus,OWID_CYN,2022,915.6667
Northern Cyprus,OWID_CYN,2023,172
Northern Cyprus,OWID_CYN,2024,267.33334
Northern Mariana Islands,MNP,2012,195.66667
Northern Mariana Islands,MNP,2013,278.5
Northern Mariana Islands,MNP,2016,208.5
Northern Mariana Islands,MNP,2017,177.5
Northern Mariana Islands,MNP,2018,329
Northern Mariana Islands,MNP,2019,284
Northern Mariana Islands,MNP,2020,354
Northern Mariana Islands,MNP,2021,259
Northern Mariana Islands,MNP,2023,202
Northern Mariana Islands,MNP,2024,219
Northern Mariana Islands,MNP,2025,208
Norway,NOR,2012,170
Norway,NOR,2013,212.5
Norway,NOR,2014,146.83333
Norway,NOR,2015,124.333336
Norway,NOR,2016,117.5
Norway,NOR,2017,128.66667
Norway,NOR,2018,127.9
Norway,NOR,2019,183.3077
Norway,NOR,2020,213
Norway,NOR,2021,107.75
Norway,NOR,2022,133
Norway,NOR,2023,133.66667
Norway,NOR,2024,195
Norway,NOR,2025,145.5
Norway,NOR,2026,217
Oceania,OWID_OCE,2012,1201.0763
Oceania,OWID_OCE,2013,822.309
Oceania,OWID_OCE,2014,902.5606
Oceania,OWID_OCE,2015,842.72845
Oceania,OWID_OCE,2016,711.81726
Oceania,OWID_OCE,2017,807.69806
Oceania,OWID_OCE,2018,854.22864
Oceania,OWID_OCE,2019,1068.0745
Oceania,OWID_OCE,2020,682.869
Oceania,OWID_OCE,2021,674.0503
Oceania,OWID_OCE,2022,723.2937
Oceania,OWID_OCE,2023,1096.7079
Oceania,OWID_OCE,2024,801.18304
Oceania,OWID_OCE,2025,1083.3036
Oceania,OWID_OCE,2026,856.8371
Oman,OMN,2012,185.5
Oman,OMN,2013,240
Oman,OMN,2014,168
Oman,OMN,2015,184
Oman,OMN,2016,199.66667
Oman,OMN,2017,206.5
Oman,OMN,2018,128
Oman,OMN,2019,211.66667
Oman,OMN,2020,144.57143
Oman,OMN,2021,218.88889
Oman,OMN,2022,215.57143
Oman,OMN,2025,418
Oman,OMN,2026,243
Pakistan,PAK,2012,256.00424
Pakistan,PAK,2013,228.35715
Pakistan,PAK,2014,235.65099
Pakistan,PAK,2015,221.55899
Pakistan,PAK,2016,270.0818
Pakistan,PAK,2017,247.888
Pakistan,PAK,2018,211.82608
Pakistan,PAK,2019,231.6947
Pakistan,PAK,2020,233.96527
Pakistan,PAK,2021,234.51373
Pakistan,PAK,2022,268.89853
Pakistan,PAK,2023,230.0116
Pakistan,PAK,2024,245.8668
Pakistan,PAK,2025,312.03973
Pakistan,PAK,2026,263.7249
Palau,PLW,2013,170
Palau,PLW,2018,173
Palau,PLW,2020,188
Palestine,PSE,2012,48.5
Palestine,PSE,2013,175.3
Palestine,PSE,2014,3
Palestine,PSE,2015,214.5
Palestine,PSE,2016,205
Palestine,PSE,2017,237
Palestine,PSE,2019,218.09091
Palestine,PSE,2020,238.5625
Palestine,PSE,2021,176.57895
Palestine,PSE,2022,138.8
Palestine,PSE,2023,157.8
Palestine,PSE,2024,213.16667
Palestine,PSE,2025,243.66667
Panama,PAN,2012,266.7859
Panama,PAN,2013,264.50937
Panama,PAN,2014,264.9289
Panama,PAN,2015,284.45468
Panama,PAN,2016,320.36566
Panama,PAN,2017,250.09264
Panama,PAN,2018,249.78297
Panama,PAN,2019,307.06473
Panama,PAN,2020,267.17746
Panama,PAN,2021,249.99286
Panama,PAN,2022,238.77777
Panama,PAN,2023,238.53835
Panama,PAN,2024,281.05902
Panama,PAN,2025,194.4491
Panama,PAN,2026,220.71709
Papua New Guinea,PNG,2012,330.37738
Papua New Guinea,PNG,2013,313.93692
Papua New Guinea,PNG,2014,356.06296
Papua New Guinea,PNG,2015,390.08783
Papua New Guinea,PNG,2016,305.2069
Papua New Guinea,PNG,2017,315.4383
Papua New Guinea,PNG,2018,312.07047
Papua New Guinea,PNG,2019,323.18213
Papua New Guinea,PNG,2020,295.93265
Papua New Guinea,PNG,2021,277.89948
Papua New Guinea,PNG,2022,300.64746
Papua New Guinea,PNG,2023,381.4007
Papua New Guinea,PNG,2024,304.54324
Papua New Guinea,PNG,2025,306.61652
Papua New Guinea,PNG,2026,326.63635
Paraguay,PRY,2012,398.84808
Paraguay,PRY,2013,410.85687
Paraguay,PRY,2014,402.53656
Paraguay,PRY,2015,389.37576
Paraguay,PRY,2016,377.897
Paraguay,PRY,2017,426.48282
Paraguay,PRY,2018,356.90814
Paraguay,PRY,2019,423.36108
Paraguay,PRY,2020,515.41455
Paraguay,PRY,2021,475.1835
Paraguay,PRY,2022,436.26895
Paraguay,PRY,2023,470.58832
Paraguay,PRY,2024,445.57086
Paraguay,PRY,2025,376.67932
Paraguay,PRY,2026,412.03516
Peru,PER,2012,292.7739
Peru,PER,2013,292.01892
Peru,PER,2014,277.18414
Peru,PER,2015,280.91528
Peru,PER,2016,301.25876
Peru,PER,2017,276.819
Peru,PER,2018,263.71622
Peru,PER,2019,300.72037
Peru,PER,2020,279.4595
Peru,PER,2021,275.40668
Peru,PER,2022,305.05255
Peru,PER,2023,276.86176
Peru,PER,2024,323.75534
Peru,PER,2025,300.2438
Peru,PER,2026,293.81082
Philippines,PHL,2012,267.25293
Philippines,PHL,2013,263.33475
Philippines,PHL,2014,267.94272
Philippines,PHL,2015,281.1322
Philippines,PHL,2016,276.2271
Philippines,PHL,2017,288.47287
Philippines,PHL,2018,262.04782
Philippines,PHL,2019,285.29865
Philippines,PHL,2020,261.08676
Philippines,PHL,2021,240.625
Philippines,PHL,2022,262.56427
Philippines,PHL,2023,302.04007
Philippines,PHL,2024,289.96353
Philippines,PHL,2025,256.56012
Philippines,PHL,2026,387.6287
Poland,POL,2012,147.48718
Poland,POL,2013,114.545456
Poland,POL,2014,155.7
Poland,POL,2015,139.7234
Poland,POL,2016,139.30435
Poland,POL,2017,118.55556
Poland,POL,2018,138.57143
Poland,POL,2019,134.76315
Poland,POL,2020,311.125
Poland,POL,2021,115.583336
Poland,POL,2022,138
Poland,POL,2023,163.28572
Poland,POL,2024,171.94118
Poland,POL,2025,161.14815
Poland,POL,2026,169.77777
Portugal,PRT,2012,426.51962
Portugal,PRT,2013,461.50748
Portugal,PRT,2014,275.4353
Portugal,PRT,2015,328.93854
Portugal,PRT,2016,685.0559
Portugal,PRT,2017,733.62134
Portugal,PRT,2018,521.58826
Portugal,PRT,2019,300.17792
Portugal,PRT,2020,495.7787
Portugal,PRT,2021,275.75372
Portugal,PRT,2022,532.1921
Portugal,PRT,2023,385.14706
Portugal,PRT,2024,1342.992
Portugal,PRT,2025,1325.6575
Portugal,PRT,2026,264.44827
Puerto Rico,PRI,2012,249.25
Puerto Rico,PRI,2013,404.33334
Puerto Rico,PRI,2014,279.2857
Puerto Rico,PRI,2015,254.66667
Puerto Rico,PRI,2016,221.5
Puerto Rico,PRI,2017,205.6
Puerto Rico,PRI,2018,251.5
Puerto Rico,PRI,2019,251.7
Puerto Rico,PRI,2021,275.66666
Puerto Rico,PRI,2022,196.71428
Puerto Rico,PRI,2023,165.75
Puerto Rico,PRI,2024,313.66666
Puerto Rico,PRI,2025,250.33333
Puerto Rico,PRI,2026,154
Qatar,QAT,2012,104.666664
Qatar,QAT,2013,110.181816
Qatar,QAT,2014,113.63158
Qatar,QAT,2015,110.5
Qatar,QAT,2016,112.22727
Qatar,QAT,2017,111.84615
Qatar,QAT,2018,108.3
Qatar,QAT,2019,108.47369
Qatar,QAT,2020,111
Reunion,REU,2013,288
Reunion,REU,2014,416.5
Reunion,REU,2015,963.8182
Reunion,REU,2016,479
Reunion,REU,2017,508.3684
Reunion,REU,2018,1033.8572
Reunion,REU,2019,938.7273
Reunion,REU,2020,1426.8334
Reunion,REU,2021,1318.25
Reunion,REU,2022,1224
Reunion,REU,2023,727.6
Reunion,REU,2026,1977
Romania,ROU,2012,234.14844
Romania,ROU,2013,234.29167
Romania,ROU,2014,229.23569
Romania,ROU,2015,241.00943
Romania,ROU,2016,262.41568
Romania,ROU,2017,234.39903
Romania,ROU,2018,164.36983
Romania,ROU,2019,238.82074
Romania,ROU,2020,266.11765
Romania,ROU,2021,257.25998
Romania,ROU,2022,236.76837
Romania,ROU,2023,220.65027
Romania,ROU,2024,244.36923
Romania,ROU,2025,272.74878
Romania,ROU,2026,277.5
Russia,RUS,2012,634.2707
Russia,RUS,2013,469.96646
Russia,RUS,2014,448.7002
Russia,RUS,2015,453.9297
Russia,RUS,2016,630.32214
Russia,RUS,2017,429.51535
Russia,RUS,2018,525.86035
Russia,RUS,2019,545.3682
Russia,RUS,2020,520.0007
Russia,RUS,2021,722.8962
Russia,RUS,2022,468.3624
Russia,RUS,2023,579.7747
Russia,RUS,2024,701.5707
Russia,RUS,2025,560.65076
Russia,RUS,2026,307.75375
Rwanda,RWA,2012,406.375
Rwanda,RWA,2013,380.0873
Rwanda,RWA,2014,546.8387
Rwanda,RWA,2015,487.7158
Rwanda,RWA,2016,355.84872
Rwanda,RWA,2017,410.0351
Rwanda,RWA,2018,396.83334
Rwanda,RWA,2019,371.9565
Rwanda,RWA,2020,402.03333
Rwanda,RWA,2021,410.02084
Rwanda,RWA,2022,467.55768
Rwanda,RWA,2023,394.79413
Rwanda,RWA,2024,401.5111
Rwanda,RWA,2025,315.93332
Rwanda,RWA,2026,500
Saint Kitts and Nevis,KNA,2013,202
Saint Kitts and Nevis,KNA,2014,193.33333
Saint Kitts and Nevis,KNA,2015,200
Saint Kitts and Nevis,KNA,2017,315
Saint Kitts and Nevis,KNA,2018,258
Saint Kitts and Nevis,KNA,2019,195
Saint Kitts and Nevis,KNA,2020,170
Saint Kitts and Nevis,KNA,2022,513
Saint Kitts and Nevis,KNA,2025,140
Saint Kitts and Nevis,KNA,2026,151.33333
Saint Lucia,LCA,2015,235
Saint Lucia,LCA,2020,177
Saint Vincent and the Grenadines,VCT,2020,245
Saint Vincent and the Grenadines,VCT,2021,214.25
Sao Tome and Principe,STP,2012,369
Sao Tome and Principe,STP,2019,280.5
Sao Tome and Principe,STP,2020,225
Sao Tome and Principe,STP,2024,234
Sao Tome and Principe,STP,2025,207.66667
Saudi Arabia,SAU,2012,291.5862
Saudi Arabia,SAU,2013,264.76315
Saudi Arabia,SAU,2014,242.7561
Saudi Arabia,SAU,2015,246.97223
Saudi Arabia,SAU,2016,269.4138
Saudi Arabia,SAU,2017,230.4375
Saudi Arabia,SAU,2018,215.21428
Saudi Arabia,SAU,2019,263.1
Saudi Arabia,SAU,2020,259.7037
Saudi Arabia,SAU,2021,223.36957
Saudi Arabia,SAU,2022,381.26923
Saudi Arabia,SAU,2023,242.03226
Saudi Arabia,SAU,2024,266.35715
Saudi Arabia,SAU,2025,359.22223
Saudi Arabia,SAU,2026,339
Senegal,SEN,2012,398.76178
Senegal,SEN,2013,410.20782
Senegal,SEN,2014,441.92715
Senegal,SEN,2015,427.94427
Senegal,SEN,2016,428.00894
Senegal,SEN,2017,448.39005
Senegal,SEN,2018,391.31943
Senegal,SEN,2019,428.86972
Senegal,SEN,2020,450.76352
Senegal,SEN,2021,427.62094
Senegal,SEN,2022,462.07034
Senegal,SEN,2023,445.03333
Senegal,SEN,2024,435.62936
Senegal,SEN,2025,515.47906
Senegal,SEN,2026,777.26306
Serbia,SRB,2012,276.12448
Serbia,SRB,2013,220.544
Serbia,SRB,2014,209.03847
Serbia,SRB,2015,209.74026
Serbia,SRB,2016,210.82
Serbia,SRB,2017,238.53125
Serbia,SRB,2018,213.37282
Serbia,SRB,2019,302.91534
Serbia,SRB,2020,204.42554
Serbia,SRB,2021,225.07097
Serbia,SRB,2022,199.90225
Serbia,SRB,2023,236.44698
Serbia,SRB,2024,346.4456
Serbia,SRB,2025,252.10828
Serbia,SRB,2026,323.25
Sierra Leone,SLE,2012,438.0759
Sierra Leone,SLE,2013,384.59164
Sierra Leone,SLE,2014,409.86197
Sierra Leone,SLE,2015,440.16028
Sierra Leone,SLE,2016,384.41983
Sierra Leone,SLE,2017,384.59027
Sierra Leone,SLE,2018,350.06305
Sierra Leone,SLE,2019,365.9779
Sierra Leone,SLE,2020,346.6148
Sierra Leone,SLE,2021,317.86533
Sierra Leone,SLE,2022,345.2471
Sierra Leone,SLE,2023,358.83337
Sierra Leone,SLE,2024,345.16272
Sierra Leone,SLE,2025,345.91513
Sierra Leone,SLE,2026,429.92264
Slovakia,SVK,2012,239.36363
Slovakia,SVK,2013,158
Slovakia,SVK,2014,137.9
Slovakia,SVK,2015,160.33333
Slovakia,SVK,2016,219.5
Slovakia,SVK,2017,163.75
Slovakia,SVK,2018,158.2
Slovakia,SVK,2019,142.5
Slovakia,SVK,2020,130.4
Slovakia,SVK,2022,128.90909
Slovakia,SVK,2023,125
Slovakia,SVK,2025,123
Slovakia,SVK,2026,210.5
Slovenia,SVN,2012,232
Slovenia,SVN,2013,170
Slovenia,SVN,2016,478
Slovenia,SVN,2017,311.66666
Slovenia,SVN,2019,163
Slovenia,SVN,2022,315.66666
Slovenia,SVN,2023,77
Slovenia,SVN,2024,207
Slovenia,SVN,2025,143
Slovenia,SVN,2026,353.5
Solomon Islands,SLB,2012,240.38461
Solomon Islands,SLB,2013,135
Solomon Islands,SLB,2014,195.5
Solomon Islands,SLB,2015,258.375
Solomon Islands,SLB,2016,205.33333
Solomon Islands,SLB,2017,178.5
Solomon Islands,SLB,2018,142.25
Solomon Islands,SLB,2019,206.85715
Solomon Islands,SLB,2020,199.83333
Solomon Islands,SLB,2021,189.4
Solomon Islands,SLB,2022,204.10527
Solomon Islands,SLB,2023,195.07692
Solomon Islands,SLB,2024,209
Solomon Islands,SLB,2025,215
Somalia,SOM,2012,366.05194
Somalia,SOM,2013,416.8232
Somalia,SOM,2014,292.1868
Somalia,SOM,2015,284.0606
Somalia,SOM,2016,275.33334
Somalia,SOM,2017,233.54054
Somalia,SOM,2018,190.64285
Somalia,SOM,2019,313.2097
Somalia,SOM,2020,292.51852
Somalia,SOM,2021,275.15475
Somalia,SOM,2022,242.8372
Somalia,SOM,2023,259.09375
Somalia,SOM,2024,273.74
Somalia,SOM,2025,268.8889
Somalia,SOM,2026,343.58334
South Africa,ZAF,2012,412.56363
South Africa,ZAF,2013,402.34622
South Africa,ZAF,2014,413.4732
South Africa,ZAF,2015,400.6342
South Africa,ZAF,2016,396.16873
South Africa,ZAF,2017,424.9857
South Africa,ZAF,2018,374.42758
South Africa,ZAF,2019,390.24158
South Africa,ZAF,2020,362.30258
South Africa,ZAF,2021,388.93454
South Africa,ZAF,2022,398.64673
South Africa,ZAF,2023,425.3504
South Africa,ZAF,2024,413.7693
South Africa,ZAF,2025,419.20895
South Africa,ZAF,2026,555.5184
South America,OWID_SAM,2012,476.2067
South America,OWID_SAM,2013,382.35938
South America,OWID_SAM,2014,410.2924
South America,OWID_SAM,2015,436.466
South America,OWID_SAM,2016,435.55392
South America,OWID_SAM,2017,478.52213
South America,OWID_SAM,2018,355.4304
South America,OWID_SAM,2019,489.7327
South America,OWID_SAM,2020,486.82715
South America,OWID_SAM,2021,461.37613
South America,OWID_SAM,2022,447.31326
South America,OWID_SAM,2023,417.88477
South America,OWID_SAM,2024,615.4364
South America,OWID_SAM,2025,442.99448
South America,OWID_SAM,2026,399.74466
South Korea,KOR,2012,272.25
South Korea,KOR,2013,251.53334
South Korea,KOR,2014,539.1429
South Korea,KOR,2015,320.45456
South Korea,KOR,2016,328.58334
South Korea,KOR,2017,536.4375
South Korea,KOR,2018,375.33334
South Korea,KOR,2019,347.6842
South Korea,KOR,2020,314.76
South Korea,KOR,2021,184.5
South Korea,KOR,2022,1267.9286
South Korea,KOR,2023,412.3846
South Korea,KOR,2024,42
South Korea,KOR,2025,1752.2894
South Korea,KOR,2026,352.77777
South Sudan,SSD,2012,614.1652
South Sudan,SSD,2013,575.0662
South Sudan,SSD,2014,597.5005
South Sudan,SSD,2015,583.5895
South Sudan,SSD,2016,593.4216
South Sudan,SSD,2017,552.5422
South Sudan,SSD,2018,507.41058
South Sudan,SSD,2019,544.1349
South Sudan,SSD,2020,521.6942
South Sudan,SSD,2021,523.27515
South Sudan,SSD,2022,499.21765
South Sudan,SSD,2023,490.86447
South Sudan,SSD,2024,528.2214
South Sudan,SSD,2025,673.5567
South Sudan,SSD,2026,705.97125
Spain,ESP,2012,499.65195
Spain,ESP,2013,276.70224
Spain,ESP,2014,254.14497
Spain,ESP,2015,367.77216
Spain,ESP,2016,361.45203
Spain,ESP,2017,375.39938
Spain,ESP,2018,222.23529
Spain,ESP,2019,329.64896
Spain,ESP,2020,339.85162
Spain,ESP,2021,455.475
Spain,ESP,2022,709.939
Spain,ESP,2023,436.82608
Spain,ESP,2024,305.36322
Spain,ESP,2025,1065.5825
Spain,ESP,2026,357.81955
Sri Lanka,LKA,2012,268.0152
Sri Lanka,LKA,2013,290.44867
Sri Lanka,LKA,2014,287.97165
Sri Lanka,LKA,2015,266.10184
Sri Lanka,LKA,2016,265.556
Sri Lanka,LKA,2017,239.69725
Sri Lanka,LKA,2018,245.13586
Sri Lanka,LKA,2019,264.0056
Sri Lanka,LKA,2020,222.52
Sri Lanka,LKA,2021,238.55714
Sri Lanka,LKA,2022,260.35355
Sri Lanka,LKA,2023,264.00626
Sri Lanka,LKA,2024,289.8889
Sri Lanka,LKA,2025,248.93407
Sri Lanka,LKA,2026,601.4167
Sudan,SDN,2012,475.54285
Sudan,SDN,2013,427.4822
Sudan,SDN,2014,438.88037
Sudan,SDN,2015,430.78018
Sudan,SDN,2016,460.13
Sudan,SDN,2017,444.38974
Sudan,SDN,2018,343.1619
Sudan,SDN,2019,418.6507
Sudan,SDN,2020,415.20193
Sudan,SDN,2021,407.25845
Sudan,SDN,2022,378.29855
Sudan,SDN,2023,394.48788
Sudan,SDN,2024,399.04483
Sudan,SDN,2025,542.1333
Sudan,SDN,2026,533.05237
Suriname,SUR,2012,375.06494
Suriname,SUR,2013,327.98245
Suriname,SUR,2014,288.224
Suriname,SUR,2015,303.9899
Suriname,SUR,2016,306.52298
Suriname,SUR,2017,317.25882
Suriname,SUR,2018,201.54146
Suriname,SUR,2019,329.77536
Suriname,SUR,2020,292.79593
Suriname,SUR,2021,245.2069
Suriname,SUR,2022,289.9762
Suriname,SUR,2023,278.72638
Suriname,SUR,2024,494.60562
Suriname,SUR,2025,266.50278
Suriname,SUR,2026,418.84616
Svalbard and Jan Mayen,SJM,2017,101
Sweden,SWE,2012,150.92308
Sweden,SWE,2013,134.85715
Sweden,SWE,2014,607.7647
Sweden,SWE,2015,146.3
Sweden,SWE,2016,161.58333
Sweden,SWE,2017,164.45454
Sweden,SWE,2018,521.1539
Sweden,SWE,2019,159.6875
Sweden,SWE,2020,287.80356
Sweden,SWE,2021,166.18182
Sweden,SWE,2022,135
Sweden,SWE,2023,181.16667
Sweden,SWE,2024,138.85715
Sweden,SWE,2025,215.57143
Switzerland,CHE,2015,81
Switzerland,CHE,2016,252.5
Switzerland,CHE,2017,90.333336
Switzerland,CHE,2018,80.25
Switzerland,CHE,2019,13
Switzerland,CHE,2020,160
Switzerland,CHE,2021,100
Switzerland,CHE,2022,370
Switzerland,CHE,2023,380
Syria,SYR,2012,428.66464
Syria,SYR,2013,258.5457
Syria,SYR,2014,245.18706
Syria,SYR,2015,282.9571
Syria,SYR,2016,251.51501
Syria,SYR,2017,255.18857
Syria,SYR,2018,193.40642
Syria,SYR,2019,294.56418
Syria,SYR,2020,297.9947
Syria,SYR,2021,188.54167
Syria,SYR,2022,194.56667
Syria,SYR,2023,267.4516
Syria,SYR,2024,247.7529
Syria,SYR,2025,549.56177
Syria,SYR,2026,137.66667
Taiwan,TWN,2012,151
Taiwan,TWN,2013,217.5
Taiwan,TWN,2014,245.2
Taiwan,TWN,2015,243.55556
Taiwan,TWN,2016,182.5
Taiwan,TWN,2017,176
Taiwan,TWN,2018,199
Taiwan,TWN,2019,162.75
Taiwan,TWN,2020,189.42857
Taiwan,TWN,2021,201.5
Taiwan,TWN,2022,196
Taiwan,TWN,2023,264.55554
Taiwan,TWN,2024,166
Taiwan,TWN,2025,281
Taiwan,TWN,2026,263.66666
Tajikistan,TJK,2012,246.72728
Tajikistan,TJK,2013,386.8611
Tajikistan,TJK,2014,292.31033
Tajikistan,TJK,2015,180.3158
Tajikistan,TJK,2016,238.25926
Tajikistan,TJK,2017,237.82353
Tajikistan,TJK,2018,249.625
Tajikistan,TJK,2019,241.64285
Tajikistan,TJK,2020,253.68182
Tajikistan,TJK,2021,210.73685
Tajikistan,TJK,2022,237.35715
Tajikistan,TJK,2023,197.63637
Tajikistan,TJK,2024,245.875
Tajikistan,TJK,2025,243
Tajikistan,TJK,2026,300.27274
Tanzania,TZA,2012,404.08685
Tanzania,TZA,2013,404.32867
Tanzania,TZA,2014,389.34683
Tanzania,TZA,2015,413.29016
Tanzania,TZA,2016,415.85352
Tanzania,TZA,2017,404.3741
Tanzania,TZA,2018,348.06314
Tanzania,TZA,2019,414.44662
Tanzania,TZA,2020,415.0069
Tanzania,TZA,2021,400.62714
Tanzania,TZA,2022,376.1995
Tanzania,TZA,2023,371.39694
Tanzania,TZA,2024,376.57718
Tanzania,TZA,2025,447.78476
Tanzania,TZA,2026,299.7259
Thailand,THA,2012,384.82358
Thailand,THA,2013,365.4198
Thailand,THA,2014,366.49487
Thailand,THA,2015,350.4341
Thailand,THA,2016,391.40106
Thailand,THA,2017,352.78696
Thailand,THA,2018,376.39984
Thailand,THA,2019,392.2102
Thailand,THA,2020,402.79468
Thailand,THA,2021,382.5596
Thailand,THA,2022,282.52972
Thailand,THA,2023,419.1017
Thailand,THA,2024,427.85236
Thailand,THA,2025,404.0008
Thailand,THA,2026,506.07697
Togo,TGO,2012,317.01025
Togo,TGO,2013,303.4195
Togo,TGO,2014,311.98557
Togo,TGO,2015,313.78754
Togo,TGO,2016,321.0353
Togo,TGO,2017,304.20715
Togo,TGO,2018,303.03342
Togo,TGO,2019,315.74182
Togo,TGO,2020,301.49405
Togo,TGO,2021,318.34558
Togo,TGO,2022,315.49677
Togo,TGO,2023,309.31674
Togo,TGO,2024,308.87814
Togo,TGO,2025,381.84525
Togo,TGO,2026,467.98306
Trinidad and Tobago,TTO,2012,235.66667
Trinidad and Tobago,TTO,2013,257.77777
Trinidad and Tobago,TTO,2014,323.2353
Trinidad and Tobago,TTO,2015,225.57143
Trinidad and Tobago,TTO,2016,398.92
Trinidad and Tobago,TTO,2017,285.58334
Trinidad and Tobago,TTO,2018,239.85715
Trinidad and Tobago,TTO,2019,300.58334
Trinidad and Tobago,TTO,2020,255.03125
Trinidad and Tobago,TTO,2021,156
Trinidad and Tobago,TTO,2022,201
Trinidad and Tobago,TTO,2023,250.25
Trinidad and Tobago,TTO,2024,370.26315
Trinidad and Tobago,TTO,2025,138.44444
Trinidad and Tobago,TTO,2026,201.25
Tunisia,TUN,2012,248.26582
Tunisia,TUN,2013,540.46155
Tunisia,TUN,2014,375.01205
Tunisia,TUN,2015,409.48837
Tunisia,TUN,2016,411.30304
Tunisia,TUN,2017,549.47144
Tunisia,TUN,2018,205.7
Tunisia,TUN,2019,304.37256
Tunisia,TUN,2020,360.0263
Tunisia,TUN,2021,625.07574
Tunisia,TUN,2022,379.3793
Tunisia,TUN,2023,325.15152
Tunisia,TUN,2024,257.6154
Tunisia,TUN,2025,278.0238
Tunisia,TUN,2026,157
Turkey,TUR,2012,316.43228
Turkey,TUR,2013,296.5534
Turkey,TUR,2014,296.8201
Turkey,TUR,2015,321.5329
Turkey,TUR,2016,310.66998
Turkey,TUR,2017,305.21335
Turkey,TUR,2018,253.08412
Turkey,TUR,2019,266.91574
Turkey,TUR,2020,273.12973
Turkey,TUR,2021,383.5164
Turkey,TUR,2022,256.59024
Turkey,TUR,2023,239.95459
Turkey,TUR,2024,257.3512
Turkey,TUR,2025,376.56827
Turkey,TUR,2026,314.0182
Turkmenistan,TKM,2012,221.04297
Turkmenistan,TKM,2013,214.81003
Turkmenistan,TKM,2014,218.62564
Turkmenistan,TKM,2015,215.3159
Turkmenistan,TKM,2016,223.35974
Turkmenistan,TKM,2017,179.5192
Turkmenistan,TKM,2018,159.18616
Turkmenistan,TKM,2019,263.7113
Turkmenistan,TKM,2020,218.78526
Turkmenistan,TKM,2021,189.37314
Turkmenistan,TKM,2022,176.02747
Turkmenistan,TKM,2023,208.23932
Turkmenistan,TKM,2024,194.88524
Turkmenistan,TKM,2025,220.74774
Turkmenistan,TKM,2026,302.44882
Turks and Caicos Islands,TCA,2018,190
Turks and Caicos Islands,TCA,2020,239
Turks and Caicos Islands,TCA,2023,102
Turks and Caicos Islands,TCA,2024,205
Turks and Caicos Islands,TCA,2025,299
Uganda,UGA,2012,392.29364
Uganda,UGA,2013,372.52014
Uganda,UGA,2014,344.0292
Uganda,UGA,2015,369.89
Uganda,UGA,2016,371.3275
Uganda,UGA,2017,394.02618
Uganda,UGA,2018,325.0021
Uganda,UGA,2019,356.68115
Uganda,UGA,2020,359.92834
Uganda,UGA,2021,347.1534
Uganda,UGA,2022,335.0742
Uganda,UGA,2023,330.62357
Uganda,UGA,2024,320.0775
Uganda,UGA,2025,412.3805
Uganda,UGA,2026,470.71838
Ukraine,UKR,2012,216.389
Ukraine,UKR,2013,211.5
Ukraine,UKR,2014,234.22343
Ukraine,UKR,2015,238.12807
Ukraine,UKR,2016,225.30853
Ukraine,UKR,2017,243.69897
Ukraine,UKR,2018,188.76834
Ukraine,UKR,2019,228.39745
Ukraine,UKR,2020,259.99905
Ukraine,UKR,2021,209.87247
Ukraine,UKR,2022,239.8114
Ukraine,UKR,2023,243.69138
Ukraine,UKR,2024,275.83044
Ukraine,UKR,2025,261.41107
Ukraine,UKR,2026,273.38095
United Arab Emirates,ARE,2012,146
United Arab Emirates,ARE,2014,116
United Arab Emirates,ARE,2015,150.71428
United Arab Emirates,ARE,2016,116
United Arab Emirates,ARE,2017,116
United Arab Emirates,ARE,2018,137
United Arab Emirates,ARE,2019,24
United Arab Emirates,ARE,2020,175
United Arab Emirates,ARE,2022,161.5
United Arab Emirates,ARE,2024,119.5
United Arab Emirates,ARE,2025,243
United Kingdom,GBR,2012,183.82895
United Kingdom,GBR,2013,187.71666
United Kingdom,GBR,2014,138.84616
United Kingdom,GBR,2015,178.66072
United Kingdom,GBR,2016,159.7027
United Kingdom,GBR,2017,219.62903
United Kingdom,GBR,2018,240.95181
United Kingdom,GBR,2019,270.19232
United Kingdom,GBR,2020,269.66666
United Kingdom,GBR,2021,198.8077
United Kingdom,GBR,2022,212.98166
United Kingdom,GBR,2023,288.57144
United Kingdom,GBR,2024,172.45
United Kingdom,GBR,2025,393.15833
United Kingdom,GBR,2026,208.64706
United States,USA,2012,472.84006
United States,USA,2013,375.47388
United States,USA,2014,356.24612
United States,USA,2015,448.32202
United States,USA,2016,375.70322
United States,USA,2017,439.88354
United States,USA,2018,433.38666
United States,USA,2019,353.75095
United States,USA,2020,522.6853
United States,USA,2021,462.09235
United States,USA,2022,410.02148
United States,USA,2023,266.93674
United States,USA,2024,455.93948
United States,USA,2025,273.18414
United States,USA,2026,257.7604
United States Minor Outlying Islands,UMI,2012,175
United States Virgin Islands,VIR,2018,186
Uruguay,URY,2012,256.3846
Uruguay,URY,2013,240.5845
Uruguay,URY,2014,223.08537
Uruguay,URY,2015,240.78767
Uruguay,URY,2016,222.26596
Uruguay,URY,2017,244.4
Uruguay,URY,2018,230.27559
Uruguay,URY,2019,248.91936
Uruguay,URY,2020,263.4862
Uruguay,URY,2021,424.2093
Uruguay,URY,2022,257.4
Uruguay,URY,2023,286.77194
Uruguay,URY,2024,289.825
Uruguay,URY,2025,253.46153
Uruguay,URY,2026,291.17648
Uzbekistan,UZB,2012,259.9863
Uzbekistan,UZB,2013,237.79463
Uzbekistan,UZB,2014,283.7992
Uzbekistan,UZB,2015,275.73874
Uzbekistan,UZB,2016,230.23137
Uzbekistan,UZB,2017,222.96483
Uzbekistan,UZB,2018,270.31464
Uzbekistan,UZB,2019,270.93802
Uzbekistan,UZB,2020,262.1889
Uzbekistan,UZB,2021,307.1781
Uzbekistan,UZB,2022,257.11465
Uzbekistan,UZB,2023,254.50206
Uzbekistan,UZB,2024,203.16551
Uzbekistan,UZB,2025,236.39502
Uzbekistan,UZB,2026,279.2977
Vanuatu,VUT,2012,299.85184
Vanuatu,VUT,2013,322.61856
Vanuatu,VUT,2014,342.09677
Vanuatu,VUT,2015,348.35898
Vanuatu,VUT,2016,429.73334
Vanuatu,VUT,2017,348.73468
Vanuatu,VUT,2018,378.38373
Vanuatu,VUT,2019,347.64706
Vanuatu,VUT,2020,338.09375
Vanuatu,VUT,2021,229.20589
Vanuatu,VUT,2022,258.1613
Vanuatu,VUT,2023,303.36365
Vanuatu,VUT,2024,226.59259
Vanuatu,VUT,2025,198.33333
Vanuatu,VUT,2026,422.8
Venezuela,VEN,2012,341.0831
Venezuela,VEN,2013,372.2418
Venezuela,VEN,2014,363.97083
Venezuela,VEN,2015,345.4359
Venezuela,VEN,2016,394.0271
Venezuela,VEN,2017,328.79257
Venezuela,VEN,2018,352.7478
Venezuela,VEN,2019,390.6857
Venezuela,VEN,2020,389.93973
Venezuela,VEN,2021,322.97455
Venezuela,VEN,2022,366.25714
Venezuela,VEN,2023,316.14804
Venezuela,VEN,2024,426.7029
Venezuela,VEN,2025,304.91867
Venezuela,VEN,2026,405.8136
Vietnam,VNM,2012,320.1232
Vietnam,VNM,2013,299.84894
Vietnam,VNM,2014,315.53177
Vietnam,VNM,2015,306.02286
Vietnam,VNM,2016,313.97574
Vietnam,VNM,2017,291.3281
Vietnam,VNM,2018,269.1408
Vietnam,VNM,2019,284.30908
Vietnam,VNM,2020,286.48282
Vietnam,VNM,2021,259.8207
Vietnam,VNM,2022,236.60997
Vietnam,VNM,2023,268.5793
Vietnam,VNM,2024,270.2269
Vietnam,VNM,2025,275.4199
Vietnam,VNM,2026,341.3734
Western Sahara,ESH,2018,145
Western Sahara,ESH,2020,262
World,OWID_WRL,2012,478.6525
World,OWID_WRL,2013,420.74933
World,OWID_WRL,2014,428.3987
World,OWID_WRL,2015,436.3481
World,OWID_WRL,2016,428.57962
World,OWID_WRL,2017,443.6784
World,OWID_WRL,2018,406.18884
World,OWID_WRL,2019,444.80908
World,OWID_WRL,2020,427.5797
World,OWID_WRL,2021,430.4478
World,OWID_WRL,2022,416.98285
World,OWID_WRL,2023,452.01218
World,OWID_WRL,2024,461.31747
World,OWID_WRL,2025,486.97644
World,OWID_WRL,2026,510.55066
Yemen,YEM,2012,266
Yemen,YEM,2013,194
Yemen,YEM,2014,238.625
Yemen,YEM,2015,166
Yemen,YEM,2017,172.33333
Yemen,YEM,2018,161.83333
Yemen,YEM,2019,223
Yemen,YEM,2020,180
Yemen,YEM,2021,192.44444
Yemen,YEM,2022,195
Yemen,YEM,2023,243.33333
Yemen,YEM,2024,18
Yemen,YEM,2025,305.0909
Yemen,YEM,2026,178
Zambia,ZMB,2012,400.57764
Zambia,ZMB,2013,404.1929
Zambia,ZMB,2014,397.70346
Zambia,ZMB,2015,412.7748
Zambia,ZMB,2016,407.7388
Zambia,ZMB,2017,413.10477
Zambia,ZMB,2018,375.09564
Zambia,ZMB,2019,409.9643
Zambia,ZMB,2020,415.22244
Zambia,ZMB,2021,396.53568
Zambia,ZMB,2022,403.1259
Zambia,ZMB,2023,389.1865
Zambia,ZMB,2024,398.06073
Zambia,ZMB,2025,465.1611
Zambia,ZMB,2026,200.75
Zimbabwe,ZWE,2012,435.1982
Zimbabwe,ZWE,2013,397.0768
Zimbabwe,ZWE,2014,408.1266
Zimbabwe,ZWE,2015,443.6633
Zimbabwe,ZWE,2016,403.21277
Zimbabwe,ZWE,2017,422.36752
Zimbabwe,ZWE,2018,364.92032
Zimbabwe,ZWE,2019,409.69287
Zimbabwe,ZWE,2020,355.25415
Zimbabwe,ZWE,2021,363.70297
Zimbabwe,ZWE,2022,453.0072
Zimbabwe,ZWE,2023,358.25348
Zimbabwe,ZWE,2024,344.38022
Zimbabwe,ZWE,2025,398.80966
Zimbabwe,ZWE,2026,323.18518